0 verbose cli /usr/local/bin/node /usr/local/bin/npm
1 info using npm@10.8.2
2 info using node@v20.18.0
3 silly config load:file:/usr/local/lib/node_modules/npm/npmrc
4 silly config load:file:/Users/prathmesh/Downloads/projects/shivaanganrealcon/.npmrc
5 silly config load:file:/Users/prathmesh/.npmrc
6 silly config load:file:/usr/local/etc/npmrc
7 verbose title npm install
8 verbose argv "install" "--cache" "./npm-cache"
9 verbose logfile logs-max:10 dir:/Users/prathmesh/Downloads/projects/shivaanganrealcon/npm-cache/_logs/2026-08-01T10_08_07_760Z-
10 verbose logfile /Users/prathmesh/Downloads/projects/shivaanganrealcon/npm-cache/_logs/2026-08-01T10_08_07_760Z-debug-0.log
11 silly packumentCache heap:2197815296 maxSize:549453824 maxEntrySize:274726912
12 silly logfile done cleaning log files
13 silly idealTree buildDeps
14 silly reify moves {}
15 silly audit bulk request {
15 silly audit   '@alloc/quick-lru': [ '5.2.0' ],
15 silly audit   '@babel/helper-string-parser': [ '7.25.9' ],
15 silly audit   '@babel/helper-validator-identifier': [ '7.25.9' ],
15 silly audit   '@babel/parser': [ '7.25.9' ],
15 silly audit   '@babel/runtime': [ '7.25.9' ],
15 silly audit   '@babel/types': [ '7.25.9' ],
15 silly audit   '@esbuild/aix-ppc64': [ '0.21.5', '0.25.0' ],
15 silly audit   '@esbuild/android-arm': [ '0.21.5', '0.25.0' ],
15 silly audit   '@esbuild/android-arm64': [ '0.21.5', '0.25.0' ],
15 silly audit   '@esbuild/android-x64': [ '0.21.5', '0.25.0' ],
15 silly audit   '@esbuild/darwin-arm64': [ '0.21.5', '0.25.0' ],
15 silly audit   '@esbuild/darwin-x64': [ '0.21.5', '0.25.0' ],
15 silly audit   '@esbuild/freebsd-arm64': [ '0.21.5', '0.25.0' ],
15 silly audit   '@esbuild/freebsd-x64': [ '0.21.5', '0.25.0' ],
15 silly audit   '@esbuild/linux-arm': [ '0.21.5', '0.25.0' ],
15 silly audit   '@esbuild/linux-arm64': [ '0.21.5', '0.25.0' ],
15 silly audit   '@esbuild/linux-ia32': [ '0.21.5', '0.25.0' ],
15 silly audit   '@esbuild/linux-loong64': [ '0.21.5', '0.25.0' ],
15 silly audit   '@esbuild/linux-mips64el': [ '0.21.5', '0.25.0' ],
15 silly audit   '@esbuild/linux-ppc64': [ '0.21.5', '0.25.0' ],
15 silly audit   '@esbuild/linux-riscv64': [ '0.21.5', '0.25.0' ],
15 silly audit   '@esbuild/linux-s390x': [ '0.21.5', '0.25.0' ],
15 silly audit   '@esbuild/linux-x64': [ '0.21.5', '0.25.0' ],
15 silly audit   '@esbuild/netbsd-arm64': [ '0.25.0' ],
15 silly audit   '@esbuild/netbsd-x64': [ '0.21.5', '0.25.0' ],
15 silly audit   '@esbuild/openbsd-arm64': [ '0.25.0' ],
15 silly audit   '@esbuild/openbsd-x64': [ '0.21.5', '0.25.0' ],
15 silly audit   '@esbuild/sunos-x64': [ '0.21.5', '0.25.0' ],
15 silly audit   '@esbuild/win32-arm64': [ '0.21.5', '0.25.0' ],
15 silly audit   '@esbuild/win32-ia32': [ '0.21.5', '0.25.0' ],
15 silly audit   '@esbuild/win32-x64': [ '0.21.5', '0.25.0' ],
15 silly audit   '@eslint-community/eslint-utils': [ '4.4.0' ],
15 silly audit   'eslint-visitor-keys': [ '3.4.3', '4.1.0' ],
15 silly audit   '@eslint-community/regexpp': [ '4.11.1' ],
15 silly audit   '@eslint/config-array': [ '0.18.0' ],
15 silly audit   '@eslint/core': [ '0.7.0' ],
15 silly audit   '@eslint/eslintrc': [ '3.1.0' ],
15 silly audit   globals: [ '14.0.0', '15.11.0' ],
15 silly audit   '@eslint/js': [ '9.13.0' ],
15 silly audit   '@eslint/object-schema': [ '2.1.4' ],
15 silly audit   '@eslint/plugin-kit': [ '0.2.3' ],
15 silly audit   '@floating-ui/core': [ '1.6.8' ],
15 silly audit   '@floating-ui/dom': [ '1.6.11' ],
15 silly audit   '@floating-ui/react-dom': [ '2.1.2' ],
15 silly audit   '@floating-ui/utils': [ '0.2.8' ],
15 silly audit   '@hookform/resolvers': [ '3.9.0' ],
15 silly audit   '@humanfs/core': [ '0.19.0' ],
15 silly audit   '@humanfs/node': [ '0.16.5' ],
15 silly audit   '@humanwhocodes/module-importer': [ '1.0.1' ],
15 silly audit   '@humanwhocodes/retry': [ '0.3.1' ],
15 silly audit   '@isaacs/cliui': [ '8.0.2' ],
15 silly audit   '@jridgewell/gen-mapping': [ '0.3.5' ],
15 silly audit   '@jridgewell/resolve-uri': [ '3.1.2' ],
15 silly audit   '@jridgewell/set-array': [ '1.2.1' ],
15 silly audit   '@jridgewell/sourcemap-codec': [ '1.5.0' ],
15 silly audit   '@jridgewell/trace-mapping': [ '0.3.25' ],
15 silly audit   '@nodelib/fs.scandir': [ '2.1.5' ],
15 silly audit   '@nodelib/fs.stat': [ '2.0.5' ],
15 silly audit   '@nodelib/fs.walk': [ '1.2.8' ],
15 silly audit   '@pkgjs/parseargs': [ '0.11.0' ],
15 silly audit   '@radix-ui/number': [ '1.1.0' ],
15 silly audit   '@radix-ui/primitive': [ '1.1.0', '1.0.1' ],
15 silly audit   '@radix-ui/react-accordion': [ '1.2.1' ],
15 silly audit   '@radix-ui/react-alert-dialog': [ '1.1.2' ],
15 silly audit   '@radix-ui/react-arrow': [ '1.1.0' ],
15 silly audit   '@radix-ui/react-aspect-ratio': [ '1.1.0' ],
15 silly audit   '@radix-ui/react-avatar': [ '1.1.1' ],
15 silly audit   '@radix-ui/react-checkbox': [ '1.1.2' ],
15 silly audit   '@radix-ui/react-collapsible': [ '1.1.1' ],
15 silly audit   '@radix-ui/react-collection': [ '1.1.0' ],
15 silly audit   '@radix-ui/react-context': [ '1.1.0', '1.1.1', '1.0.1' ],
15 silly audit   '@radix-ui/react-compose-refs': [ '1.1.0', '1.0.1' ],
15 silly audit   '@radix-ui/react-context-menu': [ '2.2.2' ],
15 silly audit   '@radix-ui/react-dialog': [ '1.1.2', '1.0.5' ],
15 silly audit   '@radix-ui/react-direction': [ '1.1.0' ],
15 silly audit   '@radix-ui/react-dismissable-layer': [ '1.1.1', '1.0.5' ],
15 silly audit   '@radix-ui/react-dropdown-menu': [ '2.1.2' ],
15 silly audit   '@radix-ui/react-focus-guards': [ '1.1.1', '1.0.1' ],
15 silly audit   '@radix-ui/react-focus-scope': [ '1.1.0', '1.0.4' ],
15 silly audit   '@radix-ui/react-hover-card': [ '1.1.2' ],
15 silly audit   '@radix-ui/react-id': [ '1.1.0', '1.0.1' ],
15 silly audit   '@radix-ui/react-label': [ '2.1.0' ],
15 silly audit   '@radix-ui/react-menu': [ '2.1.2' ],
15 silly audit   '@radix-ui/react-menubar': [ '1.1.2' ],
15 silly audit   '@radix-ui/react-navigation-menu': [ '1.2.1' ],
15 silly audit   '@radix-ui/react-popover': [ '1.1.2' ],
15 silly audit   '@radix-ui/react-popper': [ '1.2.0' ],
15 silly audit   '@radix-ui/react-portal': [ '1.1.2', '1.0.4' ],
15 silly audit   '@radix-ui/react-presence': [ '1.1.1', '1.0.1' ],
15 silly audit   '@radix-ui/react-primitive': [ '2.0.0', '1.0.3' ],
15 silly audit   '@radix-ui/react-progress': [ '1.1.0' ],
15 silly audit   '@radix-ui/react-radio-group': [ '1.2.1' ],
15 silly audit   '@radix-ui/react-roving-focus': [ '1.1.0' ],
15 silly audit   '@radix-ui/react-scroll-area': [ '1.2.0' ],
15 silly audit   '@radix-ui/react-select': [ '2.1.2' ],
15 silly audit   '@radix-ui/react-separator': [ '1.1.0' ],
15 silly audit   '@radix-ui/react-slider': [ '1.2.1' ],
15 silly audit   '@radix-ui/react-slot': [ '1.1.0', '1.0.2' ],
15 silly audit   '@radix-ui/react-switch': [ '1.1.1' ],
15 silly audit   '@radix-ui/react-tabs': [ '1.1.1' ],
15 silly audit   '@radix-ui/react-toast': [ '1.2.2' ],
15 silly audit   '@radix-ui/react-toggle': [ '1.1.0' ],
15 silly audit   '@radix-ui/react-toggle-group': [ '1.1.0' ],
15 silly audit   '@radix-ui/react-tooltip': [ '1.1.4' ],
15 silly audit   '@radix-ui/react-use-callback-ref': [ '1.1.0', '1.0.1' ],
15 silly audit   '@radix-ui/react-use-controllable-state': [ '1.1.0', '1.0.1' ],
15 silly audit   '@radix-ui/react-use-escape-keydown': [ '1.1.0', '1.0.3' ],
15 silly audit   '@radix-ui/react-use-layout-effect': [ '1.1.0', '1.0.1' ],
15 silly audit   '@radix-ui/react-use-previous': [ '1.1.0' ],
15 silly audit   '@radix-ui/react-use-rect': [ '1.1.0' ],
15 silly audit   '@radix-ui/react-use-size': [ '1.1.0' ],
15 silly audit   '@radix-ui/react-visually-hidden': [ '1.1.0' ],
15 silly audit   '@radix-ui/rect': [ '1.1.0' ],
15 silly audit   '@remix-run/router': [ '1.20.0' ],
15 silly audit   '@rollup/rollup-android-arm-eabi': [ '4.24.0' ],
15 silly audit   '@rollup/rollup-android-arm64': [ '4.24.0' ],
15 silly audit   '@rollup/rollup-darwin-arm64': [ '4.24.0' ],
15 silly audit   '@rollup/rollup-darwin-x64': [ '4.24.0' ],
15 silly audit   '@rollup/rollup-linux-arm-gnueabihf': [ '4.24.0' ],
15 silly audit   '@rollup/rollup-linux-arm-musleabihf': [ '4.24.0' ],
15 silly audit   '@rollup/rollup-linux-arm64-gnu': [ '4.24.0' ],
15 silly audit   '@rollup/rollup-linux-arm64-musl': [ '4.24.0' ],
15 silly audit   '@rollup/rollup-linux-powerpc64le-gnu': [ '4.24.0' ],
15 silly audit   '@rollup/rollup-linux-riscv64-gnu': [ '4.24.0' ],
15 silly audit   '@rollup/rollup-linux-s390x-gnu': [ '4.24.0' ],
15 silly audit   '@rollup/rollup-linux-x64-gnu': [ '4.24.0' ],
15 silly audit   '@rollup/rollup-linux-x64-musl': [ '4.24.0' ],
15 silly audit   '@rollup/rollup-win32-arm64-msvc': [ '4.24.0' ],
15 silly audit   '@rollup/rollup-win32-ia32-msvc': [ '4.24.0' ],
15 silly audit   '@rollup/rollup-win32-x64-msvc': [ '4.24.0' ],
15 silly audit   '@swc/core': [ '1.7.39' ],
15 silly audit   '@swc/core-darwin-arm64': [ '1.7.39' ],
15 silly audit   '@swc/core-darwin-x64': [ '1.7.39' ],
15 silly audit   '@swc/core-linux-arm-gnueabihf': [ '1.7.39' ],
15 silly audit   '@swc/core-linux-arm64-gnu': [ '1.7.39' ],
15 silly audit   '@swc/core-linux-arm64-musl': [ '1.7.39' ],
15 silly audit   '@swc/core-linux-x64-gnu': [ '1.7.39' ],
15 silly audit   '@swc/core-linux-x64-musl': [ '1.7.39' ],
15 silly audit   '@swc/core-win32-arm64-msvc': [ '1.7.39' ],
15 silly audit   '@swc/core-win32-ia32-msvc': [ '1.7.39' ],
15 silly audit   '@swc/core-win32-x64-msvc': [ '1.7.39' ],
15 silly audit   '@swc/counter': [ '0.1.3' ],
15 silly audit   '@swc/types': [ '0.1.13' ],
15 silly audit   '@tailwindcss/typography': [ '0.5.15' ],
15 silly audit   'postcss-selector-parser': [ '6.0.10', '6.1.2' ],
15 silly audit   '@tanstack/query-core': [ '5.59.16' ],
15 silly audit   '@tanstack/react-query': [ '5.59.16' ],
15 silly audit   '@types/d3-array': [ '3.2.1' ],
15 silly audit   '@types/d3-color': [ '3.1.3' ],
15 silly audit   '@types/d3-ease': [ '3.0.2' ],
15 silly audit   '@types/d3-interpolate': [ '3.0.4' ],
15 silly audit   '@types/d3-path': [ '3.1.0' ],
15 silly audit   '@types/d3-scale': [ '4.0.8' ],
15 silly audit   '@types/d3-shape': [ '3.1.6' ],
15 silly audit   '@types/d3-time': [ '3.0.3' ],
15 silly audit   '@types/d3-timer': [ '3.0.2' ],
15 silly audit   '@types/estree': [ '1.0.6' ],
15 silly audit   '@types/json-schema': [ '7.0.15' ],
15 silly audit   '@types/node': [ '22.7.9' ],
15 silly audit   '@types/prop-types': [ '15.7.13' ],
15 silly audit   '@types/react': [ '18.3.12' ],
15 silly audit   '@types/react-dom': [ '18.3.1' ],
15 silly audit   '@typescript-eslint/eslint-plugin': [ '8.11.0' ],
15 silly audit   '@typescript-eslint/parser': [ '8.11.0' ],
15 silly audit   '@typescript-eslint/scope-manager': [ '8.11.0' ],
15 silly audit   '@typescript-eslint/type-utils': [ '8.11.0' ],
15 silly audit   '@typescript-eslint/types': [ '8.11.0' ],
15 silly audit   '@typescript-eslint/typescript-estree': [ '8.11.0' ],
15 silly audit   'brace-expansion': [ '2.0.1', '1.1.11' ],
15 silly audit   minimatch: [ '9.0.5', '3.1.2' ],
15 silly audit   '@typescript-eslint/utils': [ '8.11.0' ],
15 silly audit   '@typescript-eslint/visitor-keys': [ '8.11.0' ],
15 silly audit   '@vitejs/plugin-react-swc': [ '3.7.1' ],
15 silly audit   acorn: [ '8.13.0' ],
15 silly audit   'acorn-jsx': [ '5.3.2' ],
15 silly audit   ajv: [ '6.12.6' ],
15 silly audit   'ansi-regex': [ '6.1.0', '5.0.1' ],
15 silly audit   'ansi-styles': [ '4.3.0', '6.2.1' ],
15 silly audit   'any-promise': [ '1.3.0' ],
15 silly audit   anymatch: [ '3.1.3' ],
15 silly audit   arg: [ '5.0.2' ],
15 silly audit   argparse: [ '2.0.1' ],
15 silly audit   'aria-hidden': [ '1.2.4' ],
15 silly audit   autoprefixer: [ '10.4.20' ],
15 silly audit   'balanced-match': [ '1.0.2' ],
15 silly audit   'base64-js': [ '1.5.1' ],
15 silly audit   'binary-extensions': [ '2.3.0' ],
15 silly audit   bl: [ '4.1.0' ],
15 silly audit   braces: [ '3.0.3' ],
15 silly audit   browserslist: [ '4.24.2' ],
15 silly audit   buffer: [ '5.7.1' ],
15 silly audit   callsites: [ '3.1.0' ],
15 silly audit   'camelcase-css': [ '2.0.1' ],
15 silly audit   'caniuse-lite': [ '1.0.30001669' ],
15 silly audit   canvas: [ '3.1.0' ],
15 silly audit   chalk: [ '4.1.2' ],
15 silly audit   chokidar: [ '3.6.0' ],
15 silly audit   'glob-parent': [ '5.1.2', '6.0.2' ],
15 silly audit   chownr: [ '1.1.4' ],
15 silly audit   'class-variance-authority': [ '0.7.1' ],
15 silly audit   clsx: [ '2.1.1' ],
15 silly audit   cmdk: [ '1.0.0' ],
15 silly audit   'react-remove-scroll': [ '2.5.5', '2.6.0' ],
15 silly audit   'color-convert': [ '2.0.1' ],
15 silly audit   'color-name': [ '1.1.4' ],
15 silly audit   commander: [ '4.1.1' ],
15 silly audit   'concat-map': [ '0.0.1' ],
15 silly audit   'cross-spawn': [ '7.0.6' ],
15 silly audit   cssesc: [ '3.0.0' ],
15 silly audit   csstype: [ '3.1.3' ],
15 silly audit   'd3-array': [ '3.2.4' ],
15 silly audit   'd3-color': [ '3.1.0' ],
15 silly audit   'd3-ease': [ '3.0.1' ],
15 silly audit   'd3-format': [ '3.1.0' ],
15 silly audit   'd3-interpolate': [ '3.0.1' ],
15 silly audit   'd3-path': [ '3.1.0' ],
15 silly audit   'd3-scale': [ '4.0.2' ],
15 silly audit   'd3-shape': [ '3.2.0' ],
15 silly audit   'd3-time': [ '3.1.0' ],
15 silly audit   'd3-time-format': [ '4.1.0' ],
15 silly audit   'd3-timer': [ '3.0.1' ],
15 silly audit   'date-fns': [ '3.6.0' ],
15 silly audit   debug: [ '4.3.7' ],
15 silly audit   'decimal.js-light': [ '2.5.1' ],
15 silly audit   'decompress-response': [ '6.0.0' ],
15 silly audit   'deep-extend': [ '0.6.0' ],
15 silly audit   'deep-is': [ '0.1.4' ],
15 silly audit   'detect-libc': [ '2.0.3' ],
15 silly audit   'detect-node-es': [ '1.1.0' ],
15 silly audit   didyoumean: [ '1.2.2' ],
15 silly audit   dlv: [ '1.1.3' ],
15 silly audit   'dom-helpers': [ '5.2.1' ],
15 silly audit   eastasianwidth: [ '0.2.0' ],
15 silly audit   'electron-to-chromium': [ '1.5.45' ],
15 silly audit   'embla-carousel': [ '8.3.0' ],
15 silly audit   'embla-carousel-react': [ '8.3.0' ],
15 silly audit   'embla-carousel-reactive-utils': [ '8.3.0' ],
15 silly audit   'emoji-regex': [ '9.2.2', '8.0.0' ],
15 silly audit   'end-of-stream': [ '1.4.4' ],
15 silly audit   esbuild: [ '0.21.5', '0.25.0' ],
15 silly audit   escalade: [ '3.2.0' ],
15 silly audit   'escape-string-regexp': [ '4.0.0' ],
15 silly audit   eslint: [ '9.13.0' ],
15 silly audit   'eslint-plugin-react-hooks': [ '5.1.0-rc-fb9a90fa48-20240614' ],
15 silly audit   'eslint-plugin-react-refresh': [ '0.4.14' ],
15 silly audit   'eslint-scope': [ '8.1.0' ],
15 silly audit   espree: [ '10.2.0' ],
15 silly audit   esquery: [ '1.6.0' ],
15 silly audit   esrecurse: [ '4.3.0' ],
15 silly audit   estraverse: [ '5.3.0' ],
15 silly audit   'estree-walker': [ '3.0.3' ],
15 silly audit   esutils: [ '2.0.3' ],
15 silly audit   eventemitter3: [ '4.0.7' ],
15 silly audit   'expand-template': [ '2.0.3' ],
15 silly audit   'fast-deep-equal': [ '3.1.3' ],
15 silly audit   'fast-equals': [ '5.0.1' ],
15 silly audit   'fast-glob': [ '3.3.2' ],
15 silly audit   'fast-json-stable-stringify': [ '2.1.0' ],
15 silly audit   'fast-levenshtein': [ '2.0.6' ],
15 silly audit   fastq: [ '1.17.1' ],
15 silly audit   'file-entry-cache': [ '8.0.0' ],
15 silly audit   'fill-range': [ '7.1.1' ],
15 silly audit   'find-up': [ '5.0.0' ],
15 silly audit   'flat-cache': [ '4.0.1' ],
15 silly audit   flatted: [ '3.3.1' ],
15 silly audit   'foreground-child': [ '3.3.0' ],
15 silly audit   'fraction.js': [ '4.3.7' ],
15 silly audit   'fs-constants': [ '1.0.0' ],
15 silly audit   fsevents: [ '2.3.3' ],
15 silly audit   'function-bind': [ '1.1.2' ],
15 silly audit   'get-nonce': [ '1.0.1' ],
15 silly audit   'github-from-package': [ '0.0.0' ],
15 silly audit   glob: [ '10.4.5' ],
15 silly audit   graphemer: [ '1.4.0' ],
15 silly audit   'has-flag': [ '4.0.0' ],
15 silly audit   hasown: [ '2.0.2' ],
15 silly audit   ieee754: [ '1.2.1' ],
15 silly audit   ignore: [ '5.3.2' ],
15 silly audit   'import-fresh': [ '3.3.0' ],
15 silly audit   imurmurhash: [ '0.1.4' ],
15 silly audit   inherits: [ '2.0.4' ],
15 silly audit   ini: [ '1.3.8' ],
15 silly audit   'input-otp': [ '1.2.4' ],
15 silly audit   internmap: [ '2.0.3' ],
15 silly audit   invariant: [ '2.2.4' ],
15 silly audit   'is-binary-path': [ '2.1.0' ],
15 silly audit   'is-core-module': [ '2.15.1' ],
15 silly audit   'is-extglob': [ '2.1.1' ],
15 silly audit   'is-fullwidth-code-point': [ '3.0.0' ],
15 silly audit   'is-glob': [ '4.0.3' ],
15 silly audit   'is-number': [ '7.0.0' ],
15 silly audit   isexe: [ '2.0.0' ],
15 silly audit   jackspeak: [ '3.4.3' ],
15 silly audit   jiti: [ '1.21.6' ],
15 silly audit   'js-tokens': [ '4.0.0' ],
15 silly audit   'js-yaml': [ '4.1.0' ],
15 silly audit   'json-buffer': [ '3.0.1' ],
15 silly audit   'json-schema-traverse': [ '0.4.1' ],
15 silly audit   'json-stable-stringify-without-jsonify': [ '1.0.1' ],
15 silly audit   keyv: [ '4.5.4' ],
15 silly audit   levn: [ '0.4.1' ],
15 silly audit   lilconfig: [ '3.1.3' ],
15 silly audit   'lines-and-columns': [ '1.2.4' ],
15 silly audit   'locate-path': [ '6.0.0' ],
15 silly audit   lodash: [ '4.17.21' ],
15 silly audit   'lodash.castarray': [ '4.4.0' ],
15 silly audit   'lodash.isplainobject': [ '4.0.6' ],
15 silly audit   'lodash.merge': [ '4.6.2' ],
15 silly audit   'loose-envify': [ '1.4.0' ],
15 silly audit   'lovable-tagger': [ '1.1.7' ],
15 silly audit   'lru-cache': [ '10.4.3' ],
15 silly audit   'lucide-react': [ '0.462.0' ],
15 silly audit   'magic-string': [ '0.30.12' ],
15 silly audit   merge2: [ '1.4.1' ],
15 silly audit   micromatch: [ '4.0.8' ],
15 silly audit   'mimic-response': [ '3.1.0' ],
15 silly audit   minimist: [ '1.2.8' ],
15 silly audit   minipass: [ '7.1.2' ],
15 silly audit   'mkdirp-classic': [ '0.5.3' ],
15 silly audit   ms: [ '2.1.3' ],
15 silly audit   mz: [ '2.7.0' ],
15 silly audit   nanoid: [ '3.3.7' ],
15 silly audit   'napi-build-utils': [ '2.0.0' ],
15 silly audit   'natural-compare': [ '1.4.0' ],
15 silly audit   'next-themes': [ '0.3.0' ],
15 silly audit   'node-abi': [ '3.74.0' ],
15 silly audit   'node-addon-api': [ '7.1.1' ],
15 silly audit   'node-releases': [ '2.0.18' ],
15 silly audit   'normalize-path': [ '3.0.0' ],
15 silly audit   'normalize-range': [ '0.1.2' ],
15 silly audit   'object-assign': [ '4.1.1' ],
15 silly audit   'object-hash': [ '3.0.0' ],
15 silly audit   once: [ '1.4.0' ],
15 silly audit   optionator: [ '0.9.4' ],
15 silly audit   'p-limit': [ '3.1.0' ],
15 silly audit   'p-locate': [ '5.0.0' ],
15 silly audit   'package-json-from-dist': [ '1.0.1' ],
15 silly audit   'parent-module': [ '1.0.1' ],
15 silly audit   'path-exists': [ '4.0.0' ],
15 silly audit   'path-key': [ '3.1.1' ],
15 silly audit   'path-parse': [ '1.0.7' ],
15 silly audit   'path-scurry': [ '1.11.1' ],
15 silly audit   picocolors: [ '1.1.1' ],
15 silly audit   picomatch: [ '2.3.1' ],
15 silly audit   pify: [ '2.3.0' ],
15 silly audit   pirates: [ '4.0.6' ],
15 silly audit   postcss: [ '8.4.47' ],
15 silly audit   'postcss-import': [ '15.1.0' ],
15 silly audit   'postcss-js': [ '4.0.1' ],
15 silly audit   'postcss-load-config': [ '4.0.2' ],
15 silly audit   'postcss-nested': [ '6.2.0' ],
15 silly audit   'postcss-value-parser': [ '4.2.0' ],
15 silly audit   'prebuild-install': [ '7.1.3' ],
15 silly audit   'prelude-ls': [ '1.2.1' ],
15 silly audit   'prop-types': [ '15.8.1' ],
15 silly audit   'react-is': [ '16.13.1', '18.3.1' ],
15 silly audit   pump: [ '3.0.2' ],
15 silly audit   punycode: [ '2.3.1' ],
15 silly audit   'queue-microtask': [ '1.2.3' ],
15 silly audit   rc: [ '1.2.8' ],
15 silly audit   'strip-json-comments': [ '2.0.1', '3.1.1' ],
15 silly audit   react: [ '18.3.1' ],
15 silly audit   'react-day-picker': [ '8.10.1' ],
15 silly audit   'react-dom': [ '18.3.1' ],
15 silly audit   'react-hook-form': [ '7.53.1' ],
15 silly audit   'react-remove-scroll-bar': [ '2.3.6' ],
15 silly audit   'react-resizable-panels': [ '2.1.5' ],
15 silly audit   'react-router': [ '6.27.0' ],
15 silly audit   'react-router-dom': [ '6.27.0' ],
15 silly audit   'react-smooth': [ '4.0.1' ],
15 silly audit   'react-style-singleton': [ '2.2.1' ],
15 silly audit   'react-transition-group': [ '4.4.5' ],
15 silly audit   'read-cache': [ '1.0.0' ],
15 silly audit   'readable-stream': [ '3.6.2' ],
15 silly audit   readdirp: [ '3.6.0' ],
15 silly audit   recharts: [ '2.13.0' ],
15 silly audit   'recharts-scale': [ '0.4.5' ],
15 silly audit   'regenerator-runtime': [ '0.14.1' ],
15 silly audit   resolve: [ '1.22.8' ],
15 silly audit   'resolve-from': [ '4.0.0' ],
15 silly audit   reusify: [ '1.0.4' ],
15 silly audit   rollup: [ '4.24.0' ],
15 silly audit   'run-parallel': [ '1.2.0' ],
15 silly audit   'safe-buffer': [ '5.2.1' ],
15 silly audit   scheduler: [ '0.23.2' ],
15 silly audit   semver: [ '7.6.3' ],
15 silly audit   'shebang-command': [ '2.0.0' ],
15 silly audit   'shebang-regex': [ '3.0.0' ],
15 silly audit   'signal-exit': [ '4.1.0' ],
15 silly audit   'simple-concat': [ '1.0.1' ],
15 silly audit   'simple-get': [ '4.0.1' ],
15 silly audit   sonner: [ '1.5.0' ],
15 silly audit   'source-map-js': [ '1.2.1' ],
15 silly audit   string_decoder: [ '1.3.0' ],
15 silly audit   'string-width': [ '5.1.2', '4.2.3' ],
15 silly audit   'strip-ansi': [ '6.0.1', '7.1.0' ],
15 silly audit   sucrase: [ '3.35.0' ],
15 silly audit   'supports-color': [ '7.2.0' ],
15 silly audit   'supports-preserve-symlinks-flag': [ '1.0.0' ],
15 silly audit   'tailwind-merge': [ '2.5.4' ],
15 silly audit   tailwindcss: [ '3.4.17' ],
15 silly audit   'tailwindcss-animate': [ '1.0.7' ],
15 silly audit   'tar-fs': [ '2.1.2' ],
15 silly audit   'tar-stream': [ '2.2.0' ],
15 silly audit   'text-table': [ '0.2.0' ],
15 silly audit   thenify: [ '3.3.1' ],
15 silly audit   'thenify-all': [ '1.6.0' ],
15 silly audit   'tiny-invariant': [ '1.3.3' ],
15 silly audit   'to-regex-range': [ '5.0.1' ],
15 silly audit   'ts-api-utils': [ '1.3.0' ],
15 silly audit   'ts-interface-checker': [ '0.1.13' ],
15 silly audit   tslib: [ '2.8.0' ],
15 silly audit   'tunnel-agent': [ '0.6.0' ],
15 silly audit   'type-check': [ '0.4.0' ],
15 silly audit   typescript: [ '5.6.3' ],
15 silly audit   'typescript-eslint': [ '8.11.0' ],
15 silly audit   'undici-types': [ '6.19.8' ],
15 silly audit   'update-browserslist-db': [ '1.1.1' ],
15 silly audit   'uri-js': [ '4.4.1' ],
15 silly audit   'use-callback-ref': [ '1.3.2' ],
15 silly audit   'use-sidecar': [ '1.1.2' ],
15 silly audit   'util-deprecate': [ '1.0.2' ],
15 silly audit   vaul: [ '0.9.9' ],
15 silly audit   'victory-vendor': [ '36.9.2' ],
15 silly audit   vite: [ '5.4.10' ],
15 silly audit   which: [ '2.0.2' ],
15 silly audit   'word-wrap': [ '1.2.5' ],
15 silly audit   'wrap-ansi': [ '8.1.0', '7.0.0' ],
15 silly audit   wrappy: [ '1.0.2' ],
15 silly audit   yaml: [ '2.6.0' ],
15 silly audit   'yocto-queue': [ '0.1.0' ],
15 silly audit   zod: [ '3.23.8' ]
15 silly audit }
16 verbose reify failed optional dependency /Users/prathmesh/Downloads/projects/shivaanganrealcon/node_modules/lovable-tagger/node_modules/@esbuild/win32-x64
17 silly reify mark deleted [
17 silly reify   '/Users/prathmesh/Downloads/projects/shivaanganrealcon/node_modules/lovable-tagger/node_modules/@esbuild/win32-x64'
17 silly reify ]
18 verbose reify failed optional dependency /Users/prathmesh/Downloads/projects/shivaanganrealcon/node_modules/lovable-tagger/node_modules/@esbuild/win32-ia32
19 silly reify mark deleted [
19 silly reify   '/Users/prathmesh/Downloads/projects/shivaanganrealcon/node_modules/lovable-tagger/node_modules/@esbuild/win32-ia32'
19 silly reify ]
20 verbose reify failed optional dependency /Users/prathmesh/Downloads/projects/shivaanganrealcon/node_modules/lovable-tagger/node_modules/@esbuild/win32-arm64
21 silly reify mark deleted [
21 silly reify   '/Users/prathmesh/Downloads/projects/shivaanganrealcon/node_modules/lovable-tagger/node_modules/@esbuild/win32-arm64'
21 silly reify ]
22 verbose reify failed optional dependency /Users/prathmesh/Downloads/projects/shivaanganrealcon/node_modules/lovable-tagger/node_modules/@esbuild/sunos-x64
23 silly reify mark deleted [
23 silly reify   '/Users/prathmesh/Downloads/projects/shivaanganrealcon/node_modules/lovable-tagger/node_modules/@esbuild/sunos-x64'
23 silly reify ]
24 verbose reify failed optional dependency /Users/prathmesh/Downloads/projects/shivaanganrealcon/node_modules/lovable-tagger/node_modules/@esbuild/openbsd-x64
25 silly reify mark deleted [
25 silly reify   '/Users/prathmesh/Downloads/projects/shivaanganrealcon/node_modules/lovable-tagger/node_modules/@esbuild/openbsd-x64'
25 silly reify ]
26 verbose reify failed optional dependency /Users/prathmesh/Downloads/projects/shivaanganrealcon/node_modules/lovable-tagger/node_modules/@esbuild/netbsd-x64
27 silly reify mark deleted [
27 silly reify   '/Users/prathmesh/Downloads/projects/shivaanganrealcon/node_modules/lovable-tagger/node_modules/@esbuild/netbsd-x64'
27 silly reify ]
28 verbose reify failed optional dependency /Users/prathmesh/Downloads/projects/shivaanganrealcon/node_modules/lovable-tagger/node_modules/@esbuild/linux-x64
29 silly reify mark deleted [
29 silly reify   '/Users/prathmesh/Downloads/projects/shivaanganrealcon/node_modules/lovable-tagger/node_modules/@esbuild/linux-x64'
29 silly reify ]
30 verbose reify failed optional dependency /Users/prathmesh/Downloads/projects/shivaanganrealcon/node_modules/lovable-tagger/node_modules/@esbuild/linux-s390x
31 silly reify mark deleted [
31 silly reify   '/Users/prathmesh/Downloads/projects/shivaanganrealcon/node_modules/lovable-tagger/node_modules/@esbuild/linux-s390x'
31 silly reify ]
32 verbose reify failed optional dependency /Users/prathmesh/Downloads/projects/shivaanganrealcon/node_modules/lovable-tagger/node_modules/@esbuild/linux-riscv64
33 silly reify mark deleted [
33 silly reify   '/Users/prathmesh/Downloads/projects/shivaanganrealcon/node_modules/lovable-tagger/node_modules/@esbuild/linux-riscv64'
33 silly reify ]
34 verbose reify failed optional dependency /Users/prathmesh/Downloads/projects/shivaanganrealcon/node_modules/lovable-tagger/node_modules/@esbuild/linux-ppc64
35 silly reify mark deleted [
35 silly reify   '/Users/prathmesh/Downloads/projects/shivaanganrealcon/node_modules/lovable-tagger/node_modules/@esbuild/linux-ppc64'
35 silly reify ]
36 verbose reify failed optional dependency /Users/prathmesh/Downloads/projects/shivaanganrealcon/node_modules/lovable-tagger/node_modules/@esbuild/linux-mips64el
37 silly reify mark deleted [
37 silly reify   '/Users/prathmesh/Downloads/projects/shivaanganrealcon/node_modules/lovable-tagger/node_modules/@esbuild/linux-mips64el'
37 silly reify ]
38 verbose reify failed optional dependency /Users/prathmesh/Downloads/projects/shivaanganrealcon/node_modules/lovable-tagger/node_modules/@esbuild/linux-loong64
39 silly reify mark deleted [
39 silly reify   '/Users/prathmesh/Downloads/projects/shivaanganrealcon/node_modules/lovable-tagger/node_modules/@esbuild/linux-loong64'
39 silly reify ]
40 verbose reify failed optional dependency /Users/prathmesh/Downloads/projects/shivaanganrealcon/node_modules/lovable-tagger/node_modules/@esbuild/linux-ia32
41 silly reify mark deleted [
41 silly reify   '/Users/prathmesh/Downloads/projects/shivaanganrealcon/node_modules/lovable-tagger/node_modules/@esbuild/linux-ia32'
41 silly reify ]
42 verbose reify failed optional dependency /Users/prathmesh/Downloads/projects/shivaanganrealcon/node_modules/lovable-tagger/node_modules/@esbuild/linux-arm64
43 silly reify mark deleted [
43 silly reify   '/Users/prathmesh/Downloads/projects/shivaanganrealcon/node_modules/lovable-tagger/node_modules/@esbuild/linux-arm64'
43 silly reify ]
44 verbose reify failed optional dependency /Users/prathmesh/Downloads/projects/shivaanganrealcon/node_modules/lovable-tagger/node_modules/@esbuild/linux-arm
45 silly reify mark deleted [
45 silly reify   '/Users/prathmesh/Downloads/projects/shivaanganrealcon/node_modules/lovable-tagger/node_modules/@esbuild/linux-arm'
45 silly reify ]
46 verbose reify failed optional dependency /Users/prathmesh/Downloads/projects/shivaanganrealcon/node_modules/lovable-tagger/node_modules/@esbuild/freebsd-x64
47 silly reify mark deleted [
47 silly reify   '/Users/prathmesh/Downloads/projects/shivaanganrealcon/node_modules/lovable-tagger/node_modules/@esbuild/freebsd-x64'
47 silly reify ]
48 verbose reify failed optional dependency /Users/prathmesh/Downloads/projects/shivaanganrealcon/node_modules/lovable-tagger/node_modules/@esbuild/freebsd-arm64
49 silly reify mark deleted [
49 silly reify   '/Users/prathmesh/Downloads/projects/shivaanganrealcon/node_modules/lovable-tagger/node_modules/@esbuild/freebsd-arm64'
49 silly reify ]
50 verbose reify failed optional dependency /Users/prathmesh/Downloads/projects/shivaanganrealcon/node_modules/lovable-tagger/node_modules/@esbuild/darwin-x64
51 silly reify mark deleted [
51 silly reify   '/Users/prathmesh/Downloads/projects/shivaanganrealcon/node_modules/lovable-tagger/node_modules/@esbuild/darwin-x64'
51 silly reify ]
52 verbose reify failed optional dependency /Users/prathmesh/Downloads/projects/shivaanganrealcon/node_modules/lovable-tagger/node_modules/@esbuild/android-x64
53 silly reify mark deleted [
53 silly reify   '/Users/prathmesh/Downloads/projects/shivaanganrealcon/node_modules/lovable-tagger/node_modules/@esbuild/android-x64'
53 silly reify ]
54 verbose reify failed optional dependency /Users/prathmesh/Downloads/projects/shivaanganrealcon/node_modules/lovable-tagger/node_modules/@esbuild/android-arm64
55 silly reify mark deleted [
55 silly reify   '/Users/prathmesh/Downloads/projects/shivaanganrealcon/node_modules/lovable-tagger/node_modules/@esbuild/android-arm64'
55 silly reify ]
56 verbose reify failed optional dependency /Users/prathmesh/Downloads/projects/shivaanganrealcon/node_modules/lovable-tagger/node_modules/@esbuild/android-arm
57 silly reify mark deleted [
57 silly reify   '/Users/prathmesh/Downloads/projects/shivaanganrealcon/node_modules/lovable-tagger/node_modules/@esbuild/android-arm'
57 silly reify ]
58 verbose reify failed optional dependency /Users/prathmesh/Downloads/projects/shivaanganrealcon/node_modules/lovable-tagger/node_modules/@esbuild/aix-ppc64
59 silly reify mark deleted [
59 silly reify   '/Users/prathmesh/Downloads/projects/shivaanganrealcon/node_modules/lovable-tagger/node_modules/@esbuild/aix-ppc64'
59 silly reify ]
60 verbose reify failed optional dependency /Users/prathmesh/Downloads/projects/shivaanganrealcon/node_modules/@swc/core-win32-x64-msvc
61 silly reify mark deleted [
61 silly reify   '/Users/prathmesh/Downloads/projects/shivaanganrealcon/node_modules/@swc/core-win32-x64-msvc'
61 silly reify ]
62 verbose reify failed optional dependency /Users/prathmesh/Downloads/projects/shivaanganrealcon/node_modules/@swc/core-win32-ia32-msvc
63 silly reify mark deleted [
63 silly reify   '/Users/prathmesh/Downloads/projects/shivaanganrealcon/node_modules/@swc/core-win32-ia32-msvc'
63 silly reify ]
64 verbose reify failed optional dependency /Users/prathmesh/Downloads/projects/shivaanganrealcon/node_modules/@swc/core-win32-arm64-msvc
65 silly reify mark deleted [
65 silly reify   '/Users/prathmesh/Downloads/projects/shivaanganrealcon/node_modules/@swc/core-win32-arm64-msvc'
65 silly reify ]
66 verbose reify failed optional dependency /Users/prathmesh/Downloads/projects/shivaanganrealcon/node_modules/@swc/core-linux-x64-musl
67 silly reify mark deleted [
67 silly reify   '/Users/prathmesh/Downloads/projects/shivaanganrealcon/node_modules/@swc/core-linux-x64-musl'
67 silly reify ]
68 verbose reify failed optional dependency /Users/prathmesh/Downloads/projects/shivaanganrealcon/node_modules/@swc/core-linux-x64-gnu
69 silly reify mark deleted [
69 silly reify   '/Users/prathmesh/Downloads/projects/shivaanganrealcon/node_modules/@swc/core-linux-x64-gnu'
69 silly reify ]
70 verbose reify failed optional dependency /Users/prathmesh/Downloads/projects/shivaanganrealcon/node_modules/@swc/core-linux-arm64-musl
71 silly reify mark deleted [
71 silly reify   '/Users/prathmesh/Downloads/projects/shivaanganrealcon/node_modules/@swc/core-linux-arm64-musl'
71 silly reify ]
72 verbose reify failed optional dependency /Users/prathmesh/Downloads/projects/shivaanganrealcon/node_modules/@swc/core-linux-arm64-gnu
73 silly reify mark deleted [
73 silly reify   '/Users/prathmesh/Downloads/projects/shivaanganrealcon/node_modules/@swc/core-linux-arm64-gnu'
73 silly reify ]
74 verbose reify failed optional dependency /Users/prathmesh/Downloads/projects/shivaanganrealcon/node_modules/@swc/core-linux-arm-gnueabihf
75 silly reify mark deleted [
75 silly reify   '/Users/prathmesh/Downloads/projects/shivaanganrealcon/node_modules/@swc/core-linux-arm-gnueabihf'
75 silly reify ]
76 verbose reify failed optional dependency /Users/prathmesh/Downloads/projects/shivaanganrealcon/node_modules/@swc/core-darwin-x64
77 silly reify mark deleted [
77 silly reify   '/Users/prathmesh/Downloads/projects/shivaanganrealcon/node_modules/@swc/core-darwin-x64'
77 silly reify ]
78 verbose reify failed optional dependency /Users/prathmesh/Downloads/projects/shivaanganrealcon/node_modules/@rollup/rollup-win32-x64-msvc
79 silly reify mark deleted [
79 silly reify   '/Users/prathmesh/Downloads/projects/shivaanganrealcon/node_modules/@rollup/rollup-win32-x64-msvc'
79 silly reify ]
80 verbose reify failed optional dependency /Users/prathmesh/Downloads/projects/shivaanganrealcon/node_modules/@rollup/rollup-win32-ia32-msvc
81 silly reify mark deleted [
81 silly reify   '/Users/prathmesh/Downloads/projects/shivaanganrealcon/node_modules/@rollup/rollup-win32-ia32-msvc'
81 silly reify ]
82 verbose reify failed optional dependency /Users/prathmesh/Downloads/projects/shivaanganrealcon/node_modules/@rollup/rollup-win32-arm64-msvc
83 silly reify mark deleted [
83 silly reify   '/Users/prathmesh/Downloads/projects/shivaanganrealcon/node_modules/@rollup/rollup-win32-arm64-msvc'
83 silly reify ]
84 verbose reify failed optional dependency /Users/prathmesh/Downloads/projects/shivaanganrealcon/node_modules/@rollup/rollup-linux-x64-musl
85 silly reify mark deleted [
85 silly reify   '/Users/prathmesh/Downloads/projects/shivaanganrealcon/node_modules/@rollup/rollup-linux-x64-musl'
85 silly reify ]
86 verbose reify failed optional dependency /Users/prathmesh/Downloads/projects/shivaanganrealcon/node_modules/@rollup/rollup-linux-x64-gnu
87 silly reify mark deleted [
87 silly reify   '/Users/prathmesh/Downloads/projects/shivaanganrealcon/node_modules/@rollup/rollup-linux-x64-gnu'
87 silly reify ]
88 verbose reify failed optional dependency /Users/prathmesh/Downloads/projects/shivaanganrealcon/node_modules/@rollup/rollup-linux-s390x-gnu
89 silly reify mark deleted [
89 silly reify   '/Users/prathmesh/Downloads/projects/shivaanganrealcon/node_modules/@rollup/rollup-linux-s390x-gnu'
89 silly reify ]
90 verbose reify failed optional dependency /Users/prathmesh/Downloads/projects/shivaanganrealcon/node_modules/@rollup/rollup-linux-riscv64-gnu
91 silly reify mark deleted [
91 silly reify   '/Users/prathmesh/Downloads/projects/shivaanganrealcon/node_modules/@rollup/rollup-linux-riscv64-gnu'
91 silly reify ]
92 verbose reify failed optional dependency /Users/prathmesh/Downloads/projects/shivaanganrealcon/node_modules/@rollup/rollup-linux-powerpc64le-gnu
93 silly reify mark deleted [
93 silly reify   '/Users/prathmesh/Downloads/projects/shivaanganrealcon/node_modules/@rollup/rollup-linux-powerpc64le-gnu'
93 silly reify ]
94 verbose reify failed optional dependency /Users/prathmesh/Downloads/projects/shivaanganrealcon/node_modules/@rollup/rollup-linux-arm64-musl
95 silly reify mark deleted [
95 silly reify   '/Users/prathmesh/Downloads/projects/shivaanganrealcon/node_modules/@rollup/rollup-linux-arm64-musl'
95 silly reify ]
96 verbose reify failed optional dependency /Users/prathmesh/Downloads/projects/shivaanganrealcon/node_modules/@rollup/rollup-linux-arm64-gnu
97 silly reify mark deleted [
97 silly reify   '/Users/prathmesh/Downloads/projects/shivaanganrealcon/node_modules/@rollup/rollup-linux-arm64-gnu'
97 silly reify ]
98 verbose reify failed optional dependency /Users/prathmesh/Downloads/projects/shivaanganrealcon/node_modules/@rollup/rollup-linux-arm-musleabihf
99 silly reify mark deleted [
99 silly reify   '/Users/prathmesh/Downloads/projects/shivaanganrealcon/node_modules/@rollup/rollup-linux-arm-musleabihf'
99 silly reify ]
100 verbose reify failed optional dependency /Users/prathmesh/Downloads/projects/shivaanganrealcon/node_modules/@rollup/rollup-linux-arm-gnueabihf
101 silly reify mark deleted [
101 silly reify   '/Users/prathmesh/Downloads/projects/shivaanganrealcon/node_modules/@rollup/rollup-linux-arm-gnueabihf'
101 silly reify ]
102 verbose reify failed optional dependency /Users/prathmesh/Downloads/projects/shivaanganrealcon/node_modules/@rollup/rollup-darwin-x64
103 silly reify mark deleted [
103 silly reify   '/Users/prathmesh/Downloads/projects/shivaanganrealcon/node_modules/@rollup/rollup-darwin-x64'
103 silly reify ]
104 verbose reify failed optional dependency /Users/prathmesh/Downloads/projects/shivaanganrealcon/node_modules/@rollup/rollup-android-arm64
105 silly reify mark deleted [
105 silly reify   '/Users/prathmesh/Downloads/projects/shivaanganrealcon/node_modules/@rollup/rollup-android-arm64'
105 silly reify ]
106 verbose reify failed optional dependency /Users/prathmesh/Downloads/projects/shivaanganrealcon/node_modules/@rollup/rollup-android-arm-eabi
107 silly reify mark deleted [
107 silly reify   '/Users/prathmesh/Downloads/projects/shivaanganrealcon/node_modules/@rollup/rollup-android-arm-eabi'
107 silly reify ]
108 verbose reify failed optional dependency /Users/prathmesh/Downloads/projects/shivaanganrealcon/node_modules/@esbuild/win32-x64
109 silly reify mark deleted [
109 silly reify   '/Users/prathmesh/Downloads/projects/shivaanganrealcon/node_modules/@esbuild/win32-x64'
109 silly reify ]
110 verbose reify failed optional dependency /Users/prathmesh/Downloads/projects/shivaanganrealcon/node_modules/@esbuild/win32-ia32
111 silly reify mark deleted [
111 silly reify   '/Users/prathmesh/Downloads/projects/shivaanganrealcon/node_modules/@esbuild/win32-ia32'
111 silly reify ]
112 verbose reify failed optional dependency /Users/prathmesh/Downloads/projects/shivaanganrealcon/node_modules/@esbuild/win32-arm64
113 silly reify mark deleted [
113 silly reify   '/Users/prathmesh/Downloads/projects/shivaanganrealcon/node_modules/@esbuild/win32-arm64'
113 silly reify ]
114 verbose reify failed optional dependency /Users/prathmesh/Downloads/projects/shivaanganrealcon/node_modules/@esbuild/sunos-x64
115 silly reify mark deleted [
115 silly reify   '/Users/prathmesh/Downloads/projects/shivaanganrealcon/node_modules/@esbuild/sunos-x64'
115 silly reify ]
116 verbose reify failed optional dependency /Users/prathmesh/Downloads/projects/shivaanganrealcon/node_modules/@esbuild/openbsd-x64
117 silly reify mark deleted [
117 silly reify   '/Users/prathmesh/Downloads/projects/shivaanganrealcon/node_modules/@esbuild/openbsd-x64'
117 silly reify ]
118 verbose reify failed optional dependency /Users/prathmesh/Downloads/projects/shivaanganrealcon/node_modules/@esbuild/openbsd-arm64
119 silly reify mark deleted [
119 silly reify   '/Users/prathmesh/Downloads/projects/shivaanganrealcon/node_modules/@esbuild/openbsd-arm64'
119 silly reify ]
120 verbose reify failed optional dependency /Users/prathmesh/Downloads/projects/shivaanganrealcon/node_modules/@esbuild/netbsd-x64
121 silly reify mark deleted [
121 silly reify   '/Users/prathmesh/Downloads/projects/shivaanganrealcon/node_modules/@esbuild/netbsd-x64'
121 silly reify ]
122 verbose reify failed optional dependency /Users/prathmesh/Downloads/projects/shivaanganrealcon/node_modules/@esbuild/netbsd-arm64
123 silly reify mark deleted [
123 silly reify   '/Users/prathmesh/Downloads/projects/shivaanganrealcon/node_modules/@esbuild/netbsd-arm64'
123 silly reify ]
124 verbose reify failed optional dependency /Users/prathmesh/Downloads/projects/shivaanganrealcon/node_modules/@esbuild/linux-x64
125 silly reify mark deleted [
125 silly reify   '/Users/prathmesh/Downloads/projects/shivaanganrealcon/node_modules/@esbuild/linux-x64'
125 silly reify ]
126 verbose reify failed optional dependency /Users/prathmesh/Downloads/projects/shivaanganrealcon/node_modules/@esbuild/linux-s390x
127 silly reify mark deleted [
127 silly reify   '/Users/prathmesh/Downloads/projects/shivaanganrealcon/node_modules/@esbuild/linux-s390x'
127 silly reify ]
128 verbose reify failed optional dependency /Users/prathmesh/Downloads/projects/shivaanganrealcon/node_modules/@esbuild/linux-riscv64
129 silly reify mark deleted [
129 silly reify   '/Users/prathmesh/Downloads/projects/shivaanganrealcon/node_modules/@esbuild/linux-riscv64'
129 silly reify ]
130 verbose reify failed optional dependency /Users/prathmesh/Downloads/projects/shivaanganrealcon/node_modules/@esbuild/linux-ppc64
131 silly reify mark deleted [
131 silly reify   '/Users/prathmesh/Downloads/projects/shivaanganrealcon/node_modules/@esbuild/linux-ppc64'
131 silly reify ]
132 verbose reify failed optional dependency /Users/prathmesh/Downloads/projects/shivaanganrealcon/node_modules/@esbuild/linux-mips64el
133 silly reify mark deleted [
133 silly reify   '/Users/prathmesh/Downloads/projects/shivaanganrealcon/node_modules/@esbuild/linux-mips64el'
133 silly reify ]
134 verbose reify failed optional dependency /Users/prathmesh/Downloads/projects/shivaanganrealcon/node_modules/@esbuild/linux-loong64
135 silly reify mark deleted [
135 silly reify   '/Users/prathmesh/Downloads/projects/shivaanganrealcon/node_modules/@esbuild/linux-loong64'
135 silly reify ]
136 verbose reify failed optional dependency /Users/prathmesh/Downloads/projects/shivaanganrealcon/node_modules/@esbuild/linux-ia32
137 silly reify mark deleted [
137 silly reify   '/Users/prathmesh/Downloads/projects/shivaanganrealcon/node_modules/@esbuild/linux-ia32'
137 silly reify ]
138 verbose reify failed optional dependency /Users/prathmesh/Downloads/projects/shivaanganrealcon/node_modules/@esbuild/linux-arm64
139 silly reify mark deleted [
139 silly reify   '/Users/prathmesh/Downloads/projects/shivaanganrealcon/node_modules/@esbuild/linux-arm64'
139 silly reify ]
140 verbose reify failed optional dependency /Users/prathmesh/Downloads/projects/shivaanganrealcon/node_modules/@esbuild/linux-arm
141 silly reify mark deleted [
141 silly reify   '/Users/prathmesh/Downloads/projects/shivaanganrealcon/node_modules/@esbuild/linux-arm'
141 silly reify ]
142 verbose reify failed optional dependency /Users/prathmesh/Downloads/projects/shivaanganrealcon/node_modules/@esbuild/freebsd-x64
143 silly reify mark deleted [
143 silly reify   '/Users/prathmesh/Downloads/projects/shivaanganrealcon/node_modules/@esbuild/freebsd-x64'
143 silly reify ]
144 verbose reify failed optional dependency /Users/prathmesh/Downloads/projects/shivaanganrealcon/node_modules/@esbuild/freebsd-arm64
145 silly reify mark deleted [
145 silly reify   '/Users/prathmesh/Downloads/projects/shivaanganrealcon/node_modules/@esbuild/freebsd-arm64'
145 silly reify ]
146 verbose reify failed optional dependency /Users/prathmesh/Downloads/projects/shivaanganrealcon/node_modules/@esbuild/darwin-x64
147 silly reify mark deleted [
147 silly reify   '/Users/prathmesh/Downloads/projects/shivaanganrealcon/node_modules/@esbuild/darwin-x64'
147 silly reify ]
148 verbose reify failed optional dependency /Users/prathmesh/Downloads/projects/shivaanganrealcon/node_modules/@esbuild/android-x64
149 silly reify mark deleted [
149 silly reify   '/Users/prathmesh/Downloads/projects/shivaanganrealcon/node_modules/@esbuild/android-x64'
149 silly reify ]
150 verbose reify failed optional dependency /Users/prathmesh/Downloads/projects/shivaanganrealcon/node_modules/@esbuild/android-arm64
151 silly reify mark deleted [
151 silly reify   '/Users/prathmesh/Downloads/projects/shivaanganrealcon/node_modules/@esbuild/android-arm64'
151 silly reify ]
152 verbose reify failed optional dependency /Users/prathmesh/Downloads/projects/shivaanganrealcon/node_modules/@esbuild/android-arm
153 silly reify mark deleted [
153 silly reify   '/Users/prathmesh/Downloads/projects/shivaanganrealcon/node_modules/@esbuild/android-arm'
153 silly reify ]
154 verbose reify failed optional dependency /Users/prathmesh/Downloads/projects/shivaanganrealcon/node_modules/@esbuild/aix-ppc64
155 silly reify mark deleted [
155 silly reify   '/Users/prathmesh/Downloads/projects/shivaanganrealcon/node_modules/@esbuild/aix-ppc64'
155 silly reify ]
156 silly tarball no local data for yocto-queue@https://registry.npmjs.org/yocto-queue/-/yocto-queue-0.1.0.tgz. Extracting by manifest.
157 silly tarball no local data for zod@https://registry.npmjs.org/zod/-/zod-3.23.8.tgz. Extracting by manifest.
158 silly tarball no local data for yaml@https://registry.npmjs.org/yaml/-/yaml-2.6.0.tgz. Extracting by manifest.
159 silly tarball no local data for wrap-ansi-cjs@https://registry.npmjs.org/wrap-ansi/-/wrap-ansi-7.0.0.tgz. Extracting by manifest.
160 silly tarball no local data for wrap-ansi@https://registry.npmjs.org/wrap-ansi/-/wrap-ansi-8.1.0.tgz. Extracting by manifest.
161 silly tarball no local data for wrappy@https://registry.npmjs.org/wrappy/-/wrappy-1.0.2.tgz. Extracting by manifest.
162 silly tarball no local data for word-wrap@https://registry.npmjs.org/word-wrap/-/word-wrap-1.2.5.tgz. Extracting by manifest.
163 silly tarball no local data for vite@https://registry.npmjs.org/vite/-/vite-5.4.10.tgz. Extracting by manifest.
164 silly tarball no local data for victory-vendor@https://registry.npmjs.org/victory-vendor/-/victory-vendor-36.9.2.tgz. Extracting by manifest.
165 silly tarball no local data for vaul@https://registry.npmjs.org/vaul/-/vaul-0.9.9.tgz. Extracting by manifest.
166 silly tarball no local data for which@https://registry.npmjs.org/which/-/which-2.0.2.tgz. Extracting by manifest.
167 silly tarball no local data for use-sidecar@https://registry.npmjs.org/use-sidecar/-/use-sidecar-1.1.2.tgz. Extracting by manifest.
168 silly tarball no local data for util-deprecate@https://registry.npmjs.org/util-deprecate/-/util-deprecate-1.0.2.tgz. Extracting by manifest.
169 silly tarball no local data for use-callback-ref@https://registry.npmjs.org/use-callback-ref/-/use-callback-ref-1.3.2.tgz. Extracting by manifest.
170 silly tarball no local data for uri-js@https://registry.npmjs.org/uri-js/-/uri-js-4.4.1.tgz. Extracting by manifest.
171 silly tarball no local data for undici-types@https://registry.npmjs.org/undici-types/-/undici-types-6.19.8.tgz. Extracting by manifest.
172 silly tarball no local data for update-browserslist-db@https://registry.npmjs.org/update-browserslist-db/-/update-browserslist-db-1.1.1.tgz. Extracting by manifest.
173 silly tarball no local data for typescript-eslint@https://registry.npmjs.org/typescript-eslint/-/typescript-eslint-8.11.0.tgz. Extracting by manifest.
174 silly tarball no local data for tunnel-agent@https://registry.npmjs.org/tunnel-agent/-/tunnel-agent-0.6.0.tgz. Extracting by manifest.
175 silly tarball no local data for typescript@https://registry.npmjs.org/typescript/-/typescript-5.6.3.tgz. Extracting by manifest.
176 silly tarball no local data for ts-interface-checker@https://registry.npmjs.org/ts-interface-checker/-/ts-interface-checker-0.1.13.tgz. Extracting by manifest.
177 silly tarball no local data for tslib@https://registry.npmjs.org/tslib/-/tslib-2.8.0.tgz. Extracting by manifest.
178 silly tarball no local data for tiny-invariant@https://registry.npmjs.org/tiny-invariant/-/tiny-invariant-1.3.3.tgz. Extracting by manifest.
179 silly tarball no local data for to-regex-range@https://registry.npmjs.org/to-regex-range/-/to-regex-range-5.0.1.tgz. Extracting by manifest.
180 silly tarball no local data for ts-api-utils@https://registry.npmjs.org/ts-api-utils/-/ts-api-utils-1.3.0.tgz. Extracting by manifest.
181 silly tarball no local data for thenify-all@https://registry.npmjs.org/thenify-all/-/thenify-all-1.6.0.tgz. Extracting by manifest.
182 silly tarball no local data for text-table@https://registry.npmjs.org/text-table/-/text-table-0.2.0.tgz. Extracting by manifest.
183 silly tarball no local data for tar-stream@https://registry.npmjs.org/tar-stream/-/tar-stream-2.2.0.tgz. Extracting by manifest.
184 silly tarball no local data for thenify@https://registry.npmjs.org/thenify/-/thenify-3.3.1.tgz. Extracting by manifest.
185 silly tarball no local data for tailwindcss-animate@https://registry.npmjs.org/tailwindcss-animate/-/tailwindcss-animate-1.0.7.tgz. Extracting by manifest.
186 silly tarball no local data for tar-fs@https://registry.npmjs.org/tar-fs/-/tar-fs-2.1.2.tgz. Extracting by manifest.
187 silly tarball no local data for tailwindcss@https://registry.npmjs.org/tailwindcss/-/tailwindcss-3.4.17.tgz. Extracting by manifest.
188 silly tarball no local data for tailwind-merge@https://registry.npmjs.org/tailwind-merge/-/tailwind-merge-2.5.4.tgz. Extracting by manifest.
189 silly tarball no local data for type-check@https://registry.npmjs.org/type-check/-/type-check-0.4.0.tgz. Extracting by manifest.
190 silly tarball no local data for supports-preserve-symlinks-flag@https://registry.npmjs.org/supports-preserve-symlinks-flag/-/supports-preserve-symlinks-flag-1.0.0.tgz. Extracting by manifest.
191 silly tarball no local data for supports-color@https://registry.npmjs.org/supports-color/-/supports-color-7.2.0.tgz. Extracting by manifest.
192 silly tarball no local data for sucrase@https://registry.npmjs.org/sucrase/-/sucrase-3.35.0.tgz. Extracting by manifest.
193 silly tarball no local data for strip-ansi-cjs@https://registry.npmjs.org/strip-ansi/-/strip-ansi-6.0.1.tgz. Extracting by manifest.
194 silly tarball no local data for string-width-cjs@https://registry.npmjs.org/string-width/-/string-width-4.2.3.tgz. Extracting by manifest.
195 silly tarball no local data for strip-ansi@https://registry.npmjs.org/strip-ansi/-/strip-ansi-7.1.0.tgz. Extracting by manifest.
196 silly tarball no local data for strip-json-comments@https://registry.npmjs.org/strip-json-comments/-/strip-json-comments-3.1.1.tgz. Extracting by manifest.
197 silly tarball no local data for string_decoder@https://registry.npmjs.org/string_decoder/-/string_decoder-1.3.0.tgz. Extracting by manifest.
198 silly tarball no local data for sonner@https://registry.npmjs.org/sonner/-/sonner-1.5.0.tgz. Extracting by manifest.
199 silly tarball no local data for simple-concat@https://registry.npmjs.org/simple-concat/-/simple-concat-1.0.1.tgz. Extracting by manifest.
200 silly tarball no local data for simple-get@https://registry.npmjs.org/simple-get/-/simple-get-4.0.1.tgz. Extracting by manifest.
201 silly tarball no local data for signal-exit@https://registry.npmjs.org/signal-exit/-/signal-exit-4.1.0.tgz. Extracting by manifest.
202 silly tarball no local data for source-map-js@https://registry.npmjs.org/source-map-js/-/source-map-js-1.2.1.tgz. Extracting by manifest.
203 silly tarball no local data for shebang-regex@https://registry.npmjs.org/shebang-regex/-/shebang-regex-3.0.0.tgz. Extracting by manifest.
204 silly tarball no local data for shebang-command@https://registry.npmjs.org/shebang-command/-/shebang-command-2.0.0.tgz. Extracting by manifest.
205 silly tarball no local data for semver@https://registry.npmjs.org/semver/-/semver-7.6.3.tgz. Extracting by manifest.
206 silly tarball no local data for safe-buffer@https://registry.npmjs.org/safe-buffer/-/safe-buffer-5.2.1.tgz. Extracting by manifest.
207 silly tarball no local data for run-parallel@https://registry.npmjs.org/run-parallel/-/run-parallel-1.2.0.tgz. Extracting by manifest.
208 silly tarball no local data for scheduler@https://registry.npmjs.org/scheduler/-/scheduler-0.23.2.tgz. Extracting by manifest.
209 silly tarball no local data for reusify@https://registry.npmjs.org/reusify/-/reusify-1.0.4.tgz. Extracting by manifest.
210 silly tarball no local data for resolve-from@https://registry.npmjs.org/resolve-from/-/resolve-from-4.0.0.tgz. Extracting by manifest.
211 silly tarball no local data for resolve@https://registry.npmjs.org/resolve/-/resolve-1.22.8.tgz. Extracting by manifest.
212 silly tarball no local data for rollup@https://registry.npmjs.org/rollup/-/rollup-4.24.0.tgz. Extracting by manifest.
213 silly tarball no local data for recharts@https://registry.npmjs.org/recharts/-/recharts-2.13.0.tgz. Extracting by manifest.
214 silly tarball no local data for readdirp@https://registry.npmjs.org/readdirp/-/readdirp-3.6.0.tgz. Extracting by manifest.
215 silly tarball no local data for regenerator-runtime@https://registry.npmjs.org/regenerator-runtime/-/regenerator-runtime-0.14.1.tgz. Extracting by manifest.
216 silly tarball no local data for recharts-scale@https://registry.npmjs.org/recharts-scale/-/recharts-scale-0.4.5.tgz. Extracting by manifest.
217 silly tarball no local data for readable-stream@https://registry.npmjs.org/readable-stream/-/readable-stream-3.6.2.tgz. Extracting by manifest.
218 silly tarball no local data for read-cache@https://registry.npmjs.org/read-cache/-/read-cache-1.0.0.tgz. Extracting by manifest.
219 silly tarball no local data for react-transition-group@https://registry.npmjs.org/react-transition-group/-/react-transition-group-4.4.5.tgz. Extracting by manifest.
220 silly tarball no local data for react-smooth@https://registry.npmjs.org/react-smooth/-/react-smooth-4.0.1.tgz. Extracting by manifest.
221 silly tarball no local data for react-router-dom@https://registry.npmjs.org/react-router-dom/-/react-router-dom-6.27.0.tgz. Extracting by manifest.
222 silly tarball no local data for react-resizable-panels@https://registry.npmjs.org/react-resizable-panels/-/react-resizable-panels-2.1.5.tgz. Extracting by manifest.
223 silly tarball no local data for react-style-singleton@https://registry.npmjs.org/react-style-singleton/-/react-style-singleton-2.2.1.tgz. Extracting by manifest.
224 silly tarball no local data for react-remove-scroll-bar@https://registry.npmjs.org/react-remove-scroll-bar/-/react-remove-scroll-bar-2.3.6.tgz. Extracting by manifest.
225 silly tarball no local data for string-width@https://registry.npmjs.org/string-width/-/string-width-5.1.2.tgz. Extracting by manifest.
226 silly tarball no local data for react-remove-scroll@https://registry.npmjs.org/react-remove-scroll/-/react-remove-scroll-2.6.0.tgz. Extracting by manifest.
227 silly tarball no local data for react-is@https://registry.npmjs.org/react-is/-/react-is-18.3.1.tgz. Extracting by manifest.
228 silly tarball no local data for react-dom@https://registry.npmjs.org/react-dom/-/react-dom-18.3.1.tgz. Extracting by manifest.
229 silly tarball no local data for react-hook-form@https://registry.npmjs.org/react-hook-form/-/react-hook-form-7.53.1.tgz. Extracting by manifest.
230 silly tarball no local data for react-router@https://registry.npmjs.org/react-router/-/react-router-6.27.0.tgz. Extracting by manifest.
231 silly tarball no local data for react-day-picker@https://registry.npmjs.org/react-day-picker/-/react-day-picker-8.10.1.tgz. Extracting by manifest.
232 silly tarball no local data for rc@https://registry.npmjs.org/rc/-/rc-1.2.8.tgz. Extracting by manifest.
233 silly tarball no local data for queue-microtask@https://registry.npmjs.org/queue-microtask/-/queue-microtask-1.2.3.tgz. Extracting by manifest.
234 silly tarball no local data for punycode@https://registry.npmjs.org/punycode/-/punycode-2.3.1.tgz. Extracting by manifest.
235 silly tarball no local data for react@https://registry.npmjs.org/react/-/react-18.3.1.tgz. Extracting by manifest.
236 silly tarball no local data for prop-types@https://registry.npmjs.org/prop-types/-/prop-types-15.8.1.tgz. Extracting by manifest.
237 silly tarball no local data for postcss-selector-parser@https://registry.npmjs.org/postcss-selector-parser/-/postcss-selector-parser-6.1.2.tgz. Extracting by manifest.
238 silly tarball no local data for postcss-load-config@https://registry.npmjs.org/postcss-load-config/-/postcss-load-config-4.0.2.tgz. Extracting by manifest.
239 silly tarball no local data for postcss-js@https://registry.npmjs.org/postcss-js/-/postcss-js-4.0.1.tgz. Extracting by manifest.
240 silly tarball no local data for postcss-import@https://registry.npmjs.org/postcss-import/-/postcss-import-15.1.0.tgz. Extracting by manifest.
241 silly tarball no local data for prebuild-install@https://registry.npmjs.org/prebuild-install/-/prebuild-install-7.1.3.tgz. Extracting by manifest.
242 silly tarball no local data for prelude-ls@https://registry.npmjs.org/prelude-ls/-/prelude-ls-1.2.1.tgz. Extracting by manifest.
243 silly tarball no local data for postcss-value-parser@https://registry.npmjs.org/postcss-value-parser/-/postcss-value-parser-4.2.0.tgz. Extracting by manifest.
244 silly tarball no local data for postcss@https://registry.npmjs.org/postcss/-/postcss-8.4.47.tgz. Extracting by manifest.
245 silly tarball no local data for pump@https://registry.npmjs.org/pump/-/pump-3.0.2.tgz. Extracting by manifest.
246 silly tarball no local data for pirates@https://registry.npmjs.org/pirates/-/pirates-4.0.6.tgz. Extracting by manifest.
247 silly tarball no local data for postcss-nested@https://registry.npmjs.org/postcss-nested/-/postcss-nested-6.2.0.tgz. Extracting by manifest.
248 silly tarball no local data for pify@https://registry.npmjs.org/pify/-/pify-2.3.0.tgz. Extracting by manifest.
249 silly tarball no local data for path-scurry@https://registry.npmjs.org/path-scurry/-/path-scurry-1.11.1.tgz. Extracting by manifest.
250 silly tarball no local data for path-parse@https://registry.npmjs.org/path-parse/-/path-parse-1.0.7.tgz. Extracting by manifest.
251 silly tarball no local data for picocolors@https://registry.npmjs.org/picocolors/-/picocolors-1.1.1.tgz. Extracting by manifest.
252 silly tarball no local data for package-json-from-dist@https://registry.npmjs.org/package-json-from-dist/-/package-json-from-dist-1.0.1.tgz. Extracting by manifest.
253 silly tarball no local data for path-key@https://registry.npmjs.org/path-key/-/path-key-3.1.1.tgz. Extracting by manifest.
254 silly tarball no local data for p-limit@https://registry.npmjs.org/p-limit/-/p-limit-3.1.0.tgz. Extracting by manifest.
255 silly tarball no local data for parent-module@https://registry.npmjs.org/parent-module/-/parent-module-1.0.1.tgz. Extracting by manifest.
256 silly tarball no local data for optionator@https://registry.npmjs.org/optionator/-/optionator-0.9.4.tgz. Extracting by manifest.
257 silly tarball no local data for once@https://registry.npmjs.org/once/-/once-1.4.0.tgz. Extracting by manifest.
258 silly tarball no local data for path-exists@https://registry.npmjs.org/path-exists/-/path-exists-4.0.0.tgz. Extracting by manifest.
259 silly tarball no local data for object-assign@https://registry.npmjs.org/object-assign/-/object-assign-4.1.1.tgz. Extracting by manifest.
260 silly tarball no local data for object-hash@https://registry.npmjs.org/object-hash/-/object-hash-3.0.0.tgz. Extracting by manifest.
261 silly tarball no local data for normalize-range@https://registry.npmjs.org/normalize-range/-/normalize-range-0.1.2.tgz. Extracting by manifest.
262 silly tarball no local data for node-releases@https://registry.npmjs.org/node-releases/-/node-releases-2.0.18.tgz. Extracting by manifest.
263 silly tarball no local data for p-locate@https://registry.npmjs.org/p-locate/-/p-locate-5.0.0.tgz. Extracting by manifest.
264 silly tarball no local data for normalize-path@https://registry.npmjs.org/normalize-path/-/normalize-path-3.0.0.tgz. Extracting by manifest.
265 silly tarball no local data for node-addon-api@https://registry.npmjs.org/node-addon-api/-/node-addon-api-7.1.1.tgz. Extracting by manifest.
266 silly tarball no local data for node-abi@https://registry.npmjs.org/node-abi/-/node-abi-3.74.0.tgz. Extracting by manifest.
267 silly tarball no local data for next-themes@https://registry.npmjs.org/next-themes/-/next-themes-0.3.0.tgz. Extracting by manifest.
268 silly tarball no local data for natural-compare@https://registry.npmjs.org/natural-compare/-/natural-compare-1.4.0.tgz. Extracting by manifest.
269 silly tarball no local data for picomatch@https://registry.npmjs.org/picomatch/-/picomatch-2.3.1.tgz. Extracting by manifest.
270 silly tarball no local data for napi-build-utils@https://registry.npmjs.org/napi-build-utils/-/napi-build-utils-2.0.0.tgz. Extracting by manifest.
271 silly tarball no local data for mz@https://registry.npmjs.org/mz/-/mz-2.7.0.tgz. Extracting by manifest.
272 silly tarball no local data for nanoid@https://registry.npmjs.org/nanoid/-/nanoid-3.3.7.tgz. Extracting by manifest.
273 silly tarball no local data for mkdirp-classic@https://registry.npmjs.org/mkdirp-classic/-/mkdirp-classic-0.5.3.tgz. Extracting by manifest.
274 silly tarball no local data for minipass@https://registry.npmjs.org/minipass/-/minipass-7.1.2.tgz. Extracting by manifest.
275 silly tarball no local data for minimist@https://registry.npmjs.org/minimist/-/minimist-1.2.8.tgz. Extracting by manifest.
276 silly tarball no local data for micromatch@https://registry.npmjs.org/micromatch/-/micromatch-4.0.8.tgz. Extracting by manifest.
277 silly tarball no local data for magic-string@https://registry.npmjs.org/magic-string/-/magic-string-0.30.12.tgz. Extracting by manifest.
278 silly tarball no local data for lucide-react@https://registry.npmjs.org/lucide-react/-/lucide-react-0.462.0.tgz. Extracting by manifest.
279 silly tarball no local data for ms@https://registry.npmjs.org/ms/-/ms-2.1.3.tgz. Extracting by manifest.
280 silly tarball no local data for mimic-response@https://registry.npmjs.org/mimic-response/-/mimic-response-3.1.0.tgz. Extracting by manifest.
281 silly tarball no local data for lru-cache@https://registry.npmjs.org/lru-cache/-/lru-cache-10.4.3.tgz. Extracting by manifest.
282 silly tarball no local data for loose-envify@https://registry.npmjs.org/loose-envify/-/loose-envify-1.4.0.tgz. Extracting by manifest.
283 silly tarball no local data for lovable-tagger@https://registry.npmjs.org/lovable-tagger/-/lovable-tagger-1.1.7.tgz. Extracting by manifest.
284 silly tarball no local data for merge2@https://registry.npmjs.org/merge2/-/merge2-1.4.1.tgz. Extracting by manifest.
285 silly tarball no local data for lodash.merge@https://registry.npmjs.org/lodash.merge/-/lodash.merge-4.6.2.tgz. Extracting by manifest.
286 silly tarball no local data for lodash.isplainobject@https://registry.npmjs.org/lodash.isplainobject/-/lodash.isplainobject-4.0.6.tgz. Extracting by manifest.
287 silly tarball no local data for lodash.castarray@https://registry.npmjs.org/lodash.castarray/-/lodash.castarray-4.4.0.tgz. Extracting by manifest.
288 silly tarball no local data for lines-and-columns@https://registry.npmjs.org/lines-and-columns/-/lines-and-columns-1.2.4.tgz. Extracting by manifest.
289 silly tarball no local data for locate-path@https://registry.npmjs.org/locate-path/-/locate-path-6.0.0.tgz. Extracting by manifest.
290 silly tarball no local data for levn@https://registry.npmjs.org/levn/-/levn-0.4.1.tgz. Extracting by manifest.
291 silly tarball no local data for lilconfig@https://registry.npmjs.org/lilconfig/-/lilconfig-3.1.3.tgz. Extracting by manifest.
292 silly tarball no local data for json-schema-traverse@https://registry.npmjs.org/json-schema-traverse/-/json-schema-traverse-0.4.1.tgz. Extracting by manifest.
293 silly tarball no local data for lodash@https://registry.npmjs.org/lodash/-/lodash-4.17.21.tgz. Extracting by manifest.
294 silly tarball no local data for json-stable-stringify-without-jsonify@https://registry.npmjs.org/json-stable-stringify-without-jsonify/-/json-stable-stringify-without-jsonify-1.0.1.tgz. Extracting by manifest.
295 silly tarball no local data for keyv@https://registry.npmjs.org/keyv/-/keyv-4.5.4.tgz. Extracting by manifest.
296 silly tarball no local data for minimatch@https://registry.npmjs.org/minimatch/-/minimatch-3.1.2.tgz. Extracting by manifest.
297 silly tarball no local data for js-yaml@https://registry.npmjs.org/js-yaml/-/js-yaml-4.1.0.tgz. Extracting by manifest.
298 silly tarball no local data for jiti@https://registry.npmjs.org/jiti/-/jiti-1.21.6.tgz. Extracting by manifest.
299 silly tarball no local data for json-buffer@https://registry.npmjs.org/json-buffer/-/json-buffer-3.0.1.tgz. Extracting by manifest.
300 silly tarball no local data for isexe@https://registry.npmjs.org/isexe/-/isexe-2.0.0.tgz. Extracting by manifest.
301 silly tarball no local data for is-glob@https://registry.npmjs.org/is-glob/-/is-glob-4.0.3.tgz. Extracting by manifest.
302 silly tarball no local data for js-tokens@https://registry.npmjs.org/js-tokens/-/js-tokens-4.0.0.tgz. Extracting by manifest.
303 silly tarball no local data for is-extglob@https://registry.npmjs.org/is-extglob/-/is-extglob-2.1.1.tgz. Extracting by manifest.
304 silly tarball no local data for is-fullwidth-code-point@https://registry.npmjs.org/is-fullwidth-code-point/-/is-fullwidth-code-point-3.0.0.tgz. Extracting by manifest.
305 silly tarball no local data for is-core-module@https://registry.npmjs.org/is-core-module/-/is-core-module-2.15.1.tgz. Extracting by manifest.
306 silly tarball no local data for is-binary-path@https://registry.npmjs.org/is-binary-path/-/is-binary-path-2.1.0.tgz. Extracting by manifest.
307 silly tarball no local data for invariant@https://registry.npmjs.org/invariant/-/invariant-2.2.4.tgz. Extracting by manifest.
308 silly tarball no local data for internmap@https://registry.npmjs.org/internmap/-/internmap-2.0.3.tgz. Extracting by manifest.
309 silly tarball no local data for is-number@https://registry.npmjs.org/is-number/-/is-number-7.0.0.tgz. Extracting by manifest.
310 silly tarball no local data for input-otp@https://registry.npmjs.org/input-otp/-/input-otp-1.2.4.tgz. Extracting by manifest.
311 silly tarball no local data for ini@https://registry.npmjs.org/ini/-/ini-1.3.8.tgz. Extracting by manifest.
312 silly tarball no local data for inherits@https://registry.npmjs.org/inherits/-/inherits-2.0.4.tgz. Extracting by manifest.
313 silly tarball no local data for import-fresh@https://registry.npmjs.org/import-fresh/-/import-fresh-3.3.0.tgz. Extracting by manifest.
314 silly tarball no local data for imurmurhash@https://registry.npmjs.org/imurmurhash/-/imurmurhash-0.1.4.tgz. Extracting by manifest.
315 silly tarball no local data for ieee754@https://registry.npmjs.org/ieee754/-/ieee754-1.2.1.tgz. Extracting by manifest.
316 silly tarball no local data for ignore@https://registry.npmjs.org/ignore/-/ignore-5.3.2.tgz. Extracting by manifest.
317 silly tarball no local data for hasown@https://registry.npmjs.org/hasown/-/hasown-2.0.2.tgz. Extracting by manifest.
318 silly tarball no local data for jackspeak@https://registry.npmjs.org/jackspeak/-/jackspeak-3.4.3.tgz. Extracting by manifest.
319 silly tarball no local data for has-flag@https://registry.npmjs.org/has-flag/-/has-flag-4.0.0.tgz. Extracting by manifest.
320 silly tarball no local data for globals@https://registry.npmjs.org/globals/-/globals-15.11.0.tgz. Extracting by manifest.
321 silly tarball no local data for glob-parent@https://registry.npmjs.org/glob-parent/-/glob-parent-6.0.2.tgz. Extracting by manifest.
322 silly tarball no local data for graphemer@https://registry.npmjs.org/graphemer/-/graphemer-1.4.0.tgz. Extracting by manifest.
323 silly tarball no local data for github-from-package@https://registry.npmjs.org/github-from-package/-/github-from-package-0.0.0.tgz. Extracting by manifest.
324 silly tarball no local data for glob@https://registry.npmjs.org/glob/-/glob-10.4.5.tgz. Extracting by manifest.
325 silly tarball no local data for get-nonce@https://registry.npmjs.org/get-nonce/-/get-nonce-1.0.1.tgz. Extracting by manifest.
326 silly tarball no local data for fsevents@https://registry.npmjs.org/fsevents/-/fsevents-2.3.3.tgz. Extracting by manifest.
327 silly tarball no local data for fs-constants@https://registry.npmjs.org/fs-constants/-/fs-constants-1.0.0.tgz. Extracting by manifest.
328 silly tarball no local data for foreground-child@https://registry.npmjs.org/foreground-child/-/foreground-child-3.3.0.tgz. Extracting by manifest.
329 silly tarball no local data for flatted@https://registry.npmjs.org/flatted/-/flatted-3.3.1.tgz. Extracting by manifest.
330 silly tarball no local data for flat-cache@https://registry.npmjs.org/flat-cache/-/flat-cache-4.0.1.tgz. Extracting by manifest.
331 silly tarball no local data for file-entry-cache@https://registry.npmjs.org/file-entry-cache/-/file-entry-cache-8.0.0.tgz. Extracting by manifest.
332 silly tarball no local data for find-up@https://registry.npmjs.org/find-up/-/find-up-5.0.0.tgz. Extracting by manifest.
333 silly tarball no local data for fill-range@https://registry.npmjs.org/fill-range/-/fill-range-7.1.1.tgz. Extracting by manifest.
334 silly tarball no local data for fastq@https://registry.npmjs.org/fastq/-/fastq-1.17.1.tgz. Extracting by manifest.
335 silly tarball no local data for fraction.js@https://registry.npmjs.org/fraction.js/-/fraction.js-4.3.7.tgz. Extracting by manifest.
336 silly tarball no local data for fast-levenshtein@https://registry.npmjs.org/fast-levenshtein/-/fast-levenshtein-2.0.6.tgz. Extracting by manifest.
337 silly tarball no local data for fast-json-stable-stringify@https://registry.npmjs.org/fast-json-stable-stringify/-/fast-json-stable-stringify-2.1.0.tgz. Extracting by manifest.
338 silly tarball no local data for fast-glob@https://registry.npmjs.org/fast-glob/-/fast-glob-3.3.2.tgz. Extracting by manifest.
339 silly tarball no local data for fast-equals@https://registry.npmjs.org/fast-equals/-/fast-equals-5.0.1.tgz. Extracting by manifest.
340 silly tarball no local data for expand-template@https://registry.npmjs.org/expand-template/-/expand-template-2.0.3.tgz. Extracting by manifest.
341 silly tarball no local data for function-bind@https://registry.npmjs.org/function-bind/-/function-bind-1.1.2.tgz. Extracting by manifest.
342 silly tarball no local data for eventemitter3@https://registry.npmjs.org/eventemitter3/-/eventemitter3-4.0.7.tgz. Extracting by manifest.
343 silly tarball no local data for esutils@https://registry.npmjs.org/esutils/-/esutils-2.0.3.tgz. Extracting by manifest.
344 silly tarball no local data for fast-deep-equal@https://registry.npmjs.org/fast-deep-equal/-/fast-deep-equal-3.1.3.tgz. Extracting by manifest.
345 silly tarball no local data for estraverse@https://registry.npmjs.org/estraverse/-/estraverse-5.3.0.tgz. Extracting by manifest.
346 silly tarball no local data for estree-walker@https://registry.npmjs.org/estree-walker/-/estree-walker-3.0.3.tgz. Extracting by manifest.
347 silly tarball no local data for esquery@https://registry.npmjs.org/esquery/-/esquery-1.6.0.tgz. Extracting by manifest.
348 silly tarball no local data for espree@https://registry.npmjs.org/espree/-/espree-10.2.0.tgz. Extracting by manifest.
349 silly tarball no local data for esrecurse@https://registry.npmjs.org/esrecurse/-/esrecurse-4.3.0.tgz. Extracting by manifest.
350 silly tarball no local data for eslint-visitor-keys@https://registry.npmjs.org/eslint-visitor-keys/-/eslint-visitor-keys-4.1.0.tgz. Extracting by manifest.
351 silly tarball no local data for eslint-scope@https://registry.npmjs.org/eslint-scope/-/eslint-scope-8.1.0.tgz. Extracting by manifest.
352 silly tarball no local data for eslint-plugin-react-hooks@https://registry.npmjs.org/eslint-plugin-react-hooks/-/eslint-plugin-react-hooks-5.1.0-rc-fb9a90fa48-20240614.tgz. Extracting by manifest.
353 silly tarball no local data for escape-string-regexp@https://registry.npmjs.org/escape-string-regexp/-/escape-string-regexp-4.0.0.tgz. Extracting by manifest.
354 silly tarball no local data for escalade@https://registry.npmjs.org/escalade/-/escalade-3.2.0.tgz. Extracting by manifest.
355 silly tarball no local data for esbuild@https://registry.npmjs.org/esbuild/-/esbuild-0.21.5.tgz. Extracting by manifest.
356 silly tarball no local data for eslint-plugin-react-refresh@https://registry.npmjs.org/eslint-plugin-react-refresh/-/eslint-plugin-react-refresh-0.4.14.tgz. Extracting by manifest.
357 silly tarball no local data for eslint@https://registry.npmjs.org/eslint/-/eslint-9.13.0.tgz. Extracting by manifest.
358 silly tarball no local data for end-of-stream@https://registry.npmjs.org/end-of-stream/-/end-of-stream-1.4.4.tgz. Extracting by manifest.
359 silly tarball no local data for emoji-regex@https://registry.npmjs.org/emoji-regex/-/emoji-regex-9.2.2.tgz. Extracting by manifest.
360 silly tarball no local data for electron-to-chromium@https://registry.npmjs.org/electron-to-chromium/-/electron-to-chromium-1.5.45.tgz. Extracting by manifest.
361 silly tarball no local data for eastasianwidth@https://registry.npmjs.org/eastasianwidth/-/eastasianwidth-0.2.0.tgz. Extracting by manifest.
362 silly tarball no local data for embla-carousel-reactive-utils@https://registry.npmjs.org/embla-carousel-reactive-utils/-/embla-carousel-reactive-utils-8.3.0.tgz. Extracting by manifest.
363 silly tarball no local data for dom-helpers@https://registry.npmjs.org/dom-helpers/-/dom-helpers-5.2.1.tgz. Extracting by manifest.
364 silly tarball no local data for embla-carousel@https://registry.npmjs.org/embla-carousel/-/embla-carousel-8.3.0.tgz. Extracting by manifest.
365 silly tarball no local data for dlv@https://registry.npmjs.org/dlv/-/dlv-1.1.3.tgz. Extracting by manifest.
366 silly tarball no local data for detect-node-es@https://registry.npmjs.org/detect-node-es/-/detect-node-es-1.1.0.tgz. Extracting by manifest.
367 silly tarball no local data for didyoumean@https://registry.npmjs.org/didyoumean/-/didyoumean-1.2.2.tgz. Extracting by manifest.
368 silly tarball no local data for embla-carousel-react@https://registry.npmjs.org/embla-carousel-react/-/embla-carousel-react-8.3.0.tgz. Extracting by manifest.
369 silly tarball no local data for detect-libc@https://registry.npmjs.org/detect-libc/-/detect-libc-2.0.3.tgz. Extracting by manifest.
370 silly tarball no local data for deep-is@https://registry.npmjs.org/deep-is/-/deep-is-0.1.4.tgz. Extracting by manifest.
371 silly tarball no local data for decompress-response@https://registry.npmjs.org/decompress-response/-/decompress-response-6.0.0.tgz. Extracting by manifest.
372 silly tarball no local data for decimal.js-light@https://registry.npmjs.org/decimal.js-light/-/decimal.js-light-2.5.1.tgz. Extracting by manifest.
373 silly tarball no local data for debug@https://registry.npmjs.org/debug/-/debug-4.3.7.tgz. Extracting by manifest.
374 silly tarball no local data for d3-time@https://registry.npmjs.org/d3-time/-/d3-time-3.1.0.tgz. Extracting by manifest.
375 silly tarball no local data for d3-timer@https://registry.npmjs.org/d3-timer/-/d3-timer-3.0.1.tgz. Extracting by manifest.
376 silly tarball no local data for d3-shape@https://registry.npmjs.org/d3-shape/-/d3-shape-3.2.0.tgz. Extracting by manifest.
377 silly tarball no local data for d3-scale@https://registry.npmjs.org/d3-scale/-/d3-scale-4.0.2.tgz. Extracting by manifest.
378 silly tarball no local data for d3-time-format@https://registry.npmjs.org/d3-time-format/-/d3-time-format-4.1.0.tgz. Extracting by manifest.
379 silly tarball no local data for deep-extend@https://registry.npmjs.org/deep-extend/-/deep-extend-0.6.0.tgz. Extracting by manifest.
380 silly tarball no local data for d3-path@https://registry.npmjs.org/d3-path/-/d3-path-3.1.0.tgz. Extracting by manifest.
381 silly tarball no local data for d3-interpolate@https://registry.npmjs.org/d3-interpolate/-/d3-interpolate-3.0.1.tgz. Extracting by manifest.
382 silly tarball no local data for d3-format@https://registry.npmjs.org/d3-format/-/d3-format-3.1.0.tgz. Extracting by manifest.
383 silly tarball no local data for d3-color@https://registry.npmjs.org/d3-color/-/d3-color-3.1.0.tgz. Extracting by manifest.
384 silly tarball no local data for date-fns@https://registry.npmjs.org/date-fns/-/date-fns-3.6.0.tgz. Extracting by manifest.
385 silly tarball no local data for d3-array@https://registry.npmjs.org/d3-array/-/d3-array-3.2.4.tgz. Extracting by manifest.
386 silly tarball no local data for csstype@https://registry.npmjs.org/csstype/-/csstype-3.1.3.tgz. Extracting by manifest.
387 silly tarball no local data for cssesc@https://registry.npmjs.org/cssesc/-/cssesc-3.0.0.tgz. Extracting by manifest.
388 silly tarball no local data for cross-spawn@https://registry.npmjs.org/cross-spawn/-/cross-spawn-7.0.6.tgz. Extracting by manifest.
389 silly tarball no local data for commander@https://registry.npmjs.org/commander/-/commander-4.1.1.tgz. Extracting by manifest.
390 silly tarball no local data for color-convert@https://registry.npmjs.org/color-convert/-/color-convert-2.0.1.tgz. Extracting by manifest.
391 silly tarball no local data for concat-map@https://registry.npmjs.org/concat-map/-/concat-map-0.0.1.tgz. Extracting by manifest.
392 silly tarball no local data for clsx@https://registry.npmjs.org/clsx/-/clsx-2.1.1.tgz. Extracting by manifest.
393 silly tarball no local data for class-variance-authority@https://registry.npmjs.org/class-variance-authority/-/class-variance-authority-0.7.1.tgz. Extracting by manifest.
394 silly tarball no local data for chownr@https://registry.npmjs.org/chownr/-/chownr-1.1.4.tgz. Extracting by manifest.
395 silly tarball no local data for d3-ease@https://registry.npmjs.org/d3-ease/-/d3-ease-3.0.1.tgz. Extracting by manifest.
396 silly tarball no local data for cmdk@https://registry.npmjs.org/cmdk/-/cmdk-1.0.0.tgz. Extracting by manifest.
397 silly tarball no local data for chalk@https://registry.npmjs.org/chalk/-/chalk-4.1.2.tgz. Extracting by manifest.
398 silly tarball no local data for color-name@https://registry.npmjs.org/color-name/-/color-name-1.1.4.tgz. Extracting by manifest.
399 silly tarball no local data for chokidar@https://registry.npmjs.org/chokidar/-/chokidar-3.6.0.tgz. Extracting by manifest.
400 silly tarball no local data for brace-expansion@https://registry.npmjs.org/brace-expansion/-/brace-expansion-1.1.11.tgz. Extracting by manifest.
401 silly tarball no local data for camelcase-css@https://registry.npmjs.org/camelcase-css/-/camelcase-css-2.0.1.tgz. Extracting by manifest.
402 silly tarball no local data for buffer@https://registry.npmjs.org/buffer/-/buffer-5.7.1.tgz. Extracting by manifest.
403 silly tarball no local data for browserslist@https://registry.npmjs.org/browserslist/-/browserslist-4.24.2.tgz. Extracting by manifest.
404 silly tarball no local data for callsites@https://registry.npmjs.org/callsites/-/callsites-3.1.0.tgz. Extracting by manifest.
405 silly tarball no local data for canvas@https://registry.npmjs.org/canvas/-/canvas-3.1.0.tgz. Extracting by manifest.
406 silly tarball no local data for caniuse-lite@https://registry.npmjs.org/caniuse-lite/-/caniuse-lite-1.0.30001669.tgz. Extracting by manifest.
407 silly tarball no local data for bl@https://registry.npmjs.org/bl/-/bl-4.1.0.tgz. Extracting by manifest.
408 silly tarball no local data for binary-extensions@https://registry.npmjs.org/binary-extensions/-/binary-extensions-2.3.0.tgz. Extracting by manifest.
409 silly tarball no local data for autoprefixer@https://registry.npmjs.org/autoprefixer/-/autoprefixer-10.4.20.tgz. Extracting by manifest.
410 silly tarball no local data for base64-js@https://registry.npmjs.org/base64-js/-/base64-js-1.5.1.tgz. Extracting by manifest.
411 silly tarball no local data for balanced-match@https://registry.npmjs.org/balanced-match/-/balanced-match-1.0.2.tgz. Extracting by manifest.
412 silly tarball no local data for arg@https://registry.npmjs.org/arg/-/arg-5.0.2.tgz. Extracting by manifest.
413 silly tarball no local data for argparse@https://registry.npmjs.org/argparse/-/argparse-2.0.1.tgz. Extracting by manifest.
414 silly tarball no local data for any-promise@https://registry.npmjs.org/any-promise/-/any-promise-1.3.0.tgz. Extracting by manifest.
415 silly tarball no local data for anymatch@https://registry.npmjs.org/anymatch/-/anymatch-3.1.3.tgz. Extracting by manifest.
416 silly tarball no local data for ansi-styles@https://registry.npmjs.org/ansi-styles/-/ansi-styles-4.3.0.tgz. Extracting by manifest.
417 silly tarball no local data for ansi-regex@https://registry.npmjs.org/ansi-regex/-/ansi-regex-6.1.0.tgz. Extracting by manifest.
418 silly tarball no local data for aria-hidden@https://registry.npmjs.org/aria-hidden/-/aria-hidden-1.2.4.tgz. Extracting by manifest.
419 silly tarball no local data for braces@https://registry.npmjs.org/braces/-/braces-3.0.3.tgz. Extracting by manifest.
420 silly tarball no local data for acorn@https://registry.npmjs.org/acorn/-/acorn-8.13.0.tgz. Extracting by manifest.
421 silly tarball no local data for acorn-jsx@https://registry.npmjs.org/acorn-jsx/-/acorn-jsx-5.3.2.tgz. Extracting by manifest.
422 silly tarball no local data for @typescript-eslint/typescript-estree@https://registry.npmjs.org/@typescript-eslint/typescript-estree/-/typescript-estree-8.11.0.tgz. Extracting by manifest.
423 silly tarball no local data for @typescript-eslint/utils@https://registry.npmjs.org/@typescript-eslint/utils/-/utils-8.11.0.tgz. Extracting by manifest.
424 silly tarball no local data for @typescript-eslint/type-utils@https://registry.npmjs.org/@typescript-eslint/type-utils/-/type-utils-8.11.0.tgz. Extracting by manifest.
425 silly tarball no local data for @typescript-eslint/types@https://registry.npmjs.org/@typescript-eslint/types/-/types-8.11.0.tgz. Extracting by manifest.
426 silly tarball no local data for @typescript-eslint/parser@https://registry.npmjs.org/@typescript-eslint/parser/-/parser-8.11.0.tgz. Extracting by manifest.
427 silly tarball no local data for ajv@https://registry.npmjs.org/ajv/-/ajv-6.12.6.tgz. Extracting by manifest.
428 silly tarball no local data for @vitejs/plugin-react-swc@https://registry.npmjs.org/@vitejs/plugin-react-swc/-/plugin-react-swc-3.7.1.tgz. Extracting by manifest.
429 silly tarball no local data for @typescript-eslint/eslint-plugin@https://registry.npmjs.org/@typescript-eslint/eslint-plugin/-/eslint-plugin-8.11.0.tgz. Extracting by manifest.
430 silly tarball no local data for @types/react@https://registry.npmjs.org/@types/react/-/react-18.3.12.tgz. Extracting by manifest.
431 silly tarball no local data for @typescript-eslint/visitor-keys@https://registry.npmjs.org/@typescript-eslint/visitor-keys/-/visitor-keys-8.11.0.tgz. Extracting by manifest.
432 silly tarball no local data for @typescript-eslint/scope-manager@https://registry.npmjs.org/@typescript-eslint/scope-manager/-/scope-manager-8.11.0.tgz. Extracting by manifest.
433 silly tarball no local data for @types/prop-types@https://registry.npmjs.org/@types/prop-types/-/prop-types-15.7.13.tgz. Extracting by manifest.
434 silly tarball no local data for @types/json-schema@https://registry.npmjs.org/@types/json-schema/-/json-schema-7.0.15.tgz. Extracting by manifest.
435 silly tarball no local data for @types/node@https://registry.npmjs.org/@types/node/-/node-22.7.9.tgz. Extracting by manifest.
436 silly tarball no local data for @types/estree@https://registry.npmjs.org/@types/estree/-/estree-1.0.6.tgz. Extracting by manifest.
437 silly tarball no local data for @types/d3-time@https://registry.npmjs.org/@types/d3-time/-/d3-time-3.0.3.tgz. Extracting by manifest.
438 silly tarball no local data for @types/d3-timer@https://registry.npmjs.org/@types/d3-timer/-/d3-timer-3.0.2.tgz. Extracting by manifest.
439 silly tarball no local data for @types/react-dom@https://registry.npmjs.org/@types/react-dom/-/react-dom-18.3.1.tgz. Extracting by manifest.
440 silly tarball no local data for @types/d3-shape@https://registry.npmjs.org/@types/d3-shape/-/d3-shape-3.1.6.tgz. Extracting by manifest.
441 silly tarball no local data for @types/d3-path@https://registry.npmjs.org/@types/d3-path/-/d3-path-3.1.0.tgz. Extracting by manifest.
442 silly tarball no local data for @types/d3-interpolate@https://registry.npmjs.org/@types/d3-interpolate/-/d3-interpolate-3.0.4.tgz. Extracting by manifest.
443 silly tarball no local data for @types/d3-scale@https://registry.npmjs.org/@types/d3-scale/-/d3-scale-4.0.8.tgz. Extracting by manifest.
444 silly tarball no local data for @types/d3-color@https://registry.npmjs.org/@types/d3-color/-/d3-color-3.1.3.tgz. Extracting by manifest.
445 silly tarball no local data for @types/d3-array@https://registry.npmjs.org/@types/d3-array/-/d3-array-3.2.1.tgz. Extracting by manifest.
446 silly tarball no local data for @tanstack/react-query@https://registry.npmjs.org/@tanstack/react-query/-/react-query-5.59.16.tgz. Extracting by manifest.
447 silly tarball no local data for @tanstack/query-core@https://registry.npmjs.org/@tanstack/query-core/-/query-core-5.59.16.tgz. Extracting by manifest.
448 silly tarball no local data for @tailwindcss/typography@https://registry.npmjs.org/@tailwindcss/typography/-/typography-0.5.15.tgz. Extracting by manifest.
449 silly tarball no local data for @swc/types@https://registry.npmjs.org/@swc/types/-/types-0.1.13.tgz. Extracting by manifest.
450 silly tarball no local data for @swc/counter@https://registry.npmjs.org/@swc/counter/-/counter-0.1.3.tgz. Extracting by manifest.
451 silly tarball no local data for @swc/core@https://registry.npmjs.org/@swc/core/-/core-1.7.39.tgz. Extracting by manifest.
452 silly tarball no local data for @types/d3-ease@https://registry.npmjs.org/@types/d3-ease/-/d3-ease-3.0.2.tgz. Extracting by manifest.
453 silly tarball no local data for @remix-run/router@https://registry.npmjs.org/@remix-run/router/-/router-1.20.0.tgz. Extracting by manifest.
454 silly tarball no local data for @radix-ui/rect@https://registry.npmjs.org/@radix-ui/rect/-/rect-1.1.0.tgz. Extracting by manifest.
455 silly tarball no local data for @radix-ui/react-visually-hidden@https://registry.npmjs.org/@radix-ui/react-visually-hidden/-/react-visually-hidden-1.1.0.tgz. Extracting by manifest.
456 silly tarball no local data for @swc/core-darwin-arm64@https://registry.npmjs.org/@swc/core-darwin-arm64/-/core-darwin-arm64-1.7.39.tgz. Extracting by manifest.
457 silly tarball no local data for @rollup/rollup-darwin-arm64@https://registry.npmjs.org/@rollup/rollup-darwin-arm64/-/rollup-darwin-arm64-4.24.0.tgz. Extracting by manifest.
458 silly tarball no local data for @radix-ui/react-use-rect@https://registry.npmjs.org/@radix-ui/react-use-rect/-/react-use-rect-1.1.0.tgz. Extracting by manifest.
459 silly tarball no local data for @radix-ui/react-use-size@https://registry.npmjs.org/@radix-ui/react-use-size/-/react-use-size-1.1.0.tgz. Extracting by manifest.
460 silly tarball no local data for @radix-ui/react-use-escape-keydown@https://registry.npmjs.org/@radix-ui/react-use-escape-keydown/-/react-use-escape-keydown-1.1.0.tgz. Extracting by manifest.
461 silly tarball no local data for @radix-ui/react-use-previous@https://registry.npmjs.org/@radix-ui/react-use-previous/-/react-use-previous-1.1.0.tgz. Extracting by manifest.
462 silly tarball no local data for @radix-ui/react-use-controllable-state@https://registry.npmjs.org/@radix-ui/react-use-controllable-state/-/react-use-controllable-state-1.1.0.tgz. Extracting by manifest.
463 silly tarball no local data for @radix-ui/react-use-callback-ref@https://registry.npmjs.org/@radix-ui/react-use-callback-ref/-/react-use-callback-ref-1.1.0.tgz. Extracting by manifest.
464 silly tarball no local data for @radix-ui/react-tooltip@https://registry.npmjs.org/@radix-ui/react-tooltip/-/react-tooltip-1.1.4.tgz. Extracting by manifest.
465 silly tarball no local data for @radix-ui/react-toggle-group@https://registry.npmjs.org/@radix-ui/react-toggle-group/-/react-toggle-group-1.1.0.tgz. Extracting by manifest.
466 silly tarball no local data for @radix-ui/react-toggle@https://registry.npmjs.org/@radix-ui/react-toggle/-/react-toggle-1.1.0.tgz. Extracting by manifest.
467 silly tarball no local data for @radix-ui/react-tabs@https://registry.npmjs.org/@radix-ui/react-tabs/-/react-tabs-1.1.1.tgz. Extracting by manifest.
468 silly tarball no local data for @radix-ui/react-use-layout-effect@https://registry.npmjs.org/@radix-ui/react-use-layout-effect/-/react-use-layout-effect-1.1.0.tgz. Extracting by manifest.
469 silly tarball no local data for @radix-ui/react-toast@https://registry.npmjs.org/@radix-ui/react-toast/-/react-toast-1.2.2.tgz. Extracting by manifest.
470 silly tarball no local data for @radix-ui/react-slider@https://registry.npmjs.org/@radix-ui/react-slider/-/react-slider-1.2.1.tgz. Extracting by manifest.
471 silly tarball no local data for @radix-ui/react-select@https://registry.npmjs.org/@radix-ui/react-select/-/react-select-2.1.2.tgz. Extracting by manifest.
472 silly tarball no local data for @radix-ui/react-switch@https://registry.npmjs.org/@radix-ui/react-switch/-/react-switch-1.1.1.tgz. Extracting by manifest.
473 silly tarball no local data for @radix-ui/react-separator@https://registry.npmjs.org/@radix-ui/react-separator/-/react-separator-1.1.0.tgz. Extracting by manifest.
474 silly tarball no local data for @radix-ui/react-radio-group@https://registry.npmjs.org/@radix-ui/react-radio-group/-/react-radio-group-1.2.1.tgz. Extracting by manifest.
475 silly tarball no local data for @radix-ui/react-roving-focus@https://registry.npmjs.org/@radix-ui/react-roving-focus/-/react-roving-focus-1.1.0.tgz. Extracting by manifest.
476 silly tarball no local data for @radix-ui/react-slot@https://registry.npmjs.org/@radix-ui/react-slot/-/react-slot-1.1.0.tgz. Extracting by manifest.
477 silly tarball no local data for @radix-ui/react-progress@https://registry.npmjs.org/@radix-ui/react-progress/-/react-progress-1.1.0.tgz. Extracting by manifest.
478 silly tarball no local data for @radix-ui/react-primitive@https://registry.npmjs.org/@radix-ui/react-primitive/-/react-primitive-2.0.0.tgz. Extracting by manifest.
479 silly tarball no local data for @radix-ui/react-popper@https://registry.npmjs.org/@radix-ui/react-popper/-/react-popper-1.2.0.tgz. Extracting by manifest.
480 silly tarball no local data for @radix-ui/react-portal@https://registry.npmjs.org/@radix-ui/react-portal/-/react-portal-1.1.2.tgz. Extracting by manifest.
481 silly tarball no local data for @radix-ui/react-presence@https://registry.npmjs.org/@radix-ui/react-presence/-/react-presence-1.1.1.tgz. Extracting by manifest.
482 silly tarball no local data for @radix-ui/react-popover@https://registry.npmjs.org/@radix-ui/react-popover/-/react-popover-1.1.2.tgz. Extracting by manifest.
483 silly tarball no local data for @radix-ui/react-navigation-menu@https://registry.npmjs.org/@radix-ui/react-navigation-menu/-/react-navigation-menu-1.2.1.tgz. Extracting by manifest.
484 silly tarball no local data for @radix-ui/react-menubar@https://registry.npmjs.org/@radix-ui/react-menubar/-/react-menubar-1.1.2.tgz. Extracting by manifest.
485 silly tarball no local data for @radix-ui/react-menu@https://registry.npmjs.org/@radix-ui/react-menu/-/react-menu-2.1.2.tgz. Extracting by manifest.
486 silly tarball no local data for @radix-ui/react-label@https://registry.npmjs.org/@radix-ui/react-label/-/react-label-2.1.0.tgz. Extracting by manifest.
487 silly tarball no local data for @radix-ui/react-id@https://registry.npmjs.org/@radix-ui/react-id/-/react-id-1.1.0.tgz. Extracting by manifest.
488 silly tarball no local data for @radix-ui/react-hover-card@https://registry.npmjs.org/@radix-ui/react-hover-card/-/react-hover-card-1.1.2.tgz. Extracting by manifest.
489 silly tarball no local data for @radix-ui/react-focus-guards@https://registry.npmjs.org/@radix-ui/react-focus-guards/-/react-focus-guards-1.1.1.tgz. Extracting by manifest.
490 silly tarball no local data for @radix-ui/react-focus-scope@https://registry.npmjs.org/@radix-ui/react-focus-scope/-/react-focus-scope-1.1.0.tgz. Extracting by manifest.
491 silly tarball no local data for @radix-ui/react-direction@https://registry.npmjs.org/@radix-ui/react-direction/-/react-direction-1.1.0.tgz. Extracting by manifest.
492 silly tarball no local data for @radix-ui/react-dismissable-layer@https://registry.npmjs.org/@radix-ui/react-dismissable-layer/-/react-dismissable-layer-1.1.1.tgz. Extracting by manifest.
493 silly tarball no local data for @radix-ui/react-dialog@https://registry.npmjs.org/@radix-ui/react-dialog/-/react-dialog-1.1.2.tgz. Extracting by manifest.
494 silly tarball no local data for @radix-ui/react-dropdown-menu@https://registry.npmjs.org/@radix-ui/react-dropdown-menu/-/react-dropdown-menu-2.1.2.tgz. Extracting by manifest.
495 silly tarball no local data for @radix-ui/react-context-menu@https://registry.npmjs.org/@radix-ui/react-context-menu/-/react-context-menu-2.2.2.tgz. Extracting by manifest.
496 silly tarball no local data for @radix-ui/react-context@https://registry.npmjs.org/@radix-ui/react-context/-/react-context-1.1.1.tgz. Extracting by manifest.
497 silly tarball no local data for @radix-ui/react-compose-refs@https://registry.npmjs.org/@radix-ui/react-compose-refs/-/react-compose-refs-1.1.0.tgz. Extracting by manifest.
498 silly tarball no local data for @radix-ui/react-collection@https://registry.npmjs.org/@radix-ui/react-collection/-/react-collection-1.1.0.tgz. Extracting by manifest.
499 silly tarball no local data for @radix-ui/react-collapsible@https://registry.npmjs.org/@radix-ui/react-collapsible/-/react-collapsible-1.1.1.tgz. Extracting by manifest.
500 silly tarball no local data for @radix-ui/react-avatar@https://registry.npmjs.org/@radix-ui/react-avatar/-/react-avatar-1.1.1.tgz. Extracting by manifest.
501 silly tarball no local data for @radix-ui/react-checkbox@https://registry.npmjs.org/@radix-ui/react-checkbox/-/react-checkbox-1.1.2.tgz. Extracting by manifest.
502 silly tarball no local data for @radix-ui/react-aspect-ratio@https://registry.npmjs.org/@radix-ui/react-aspect-ratio/-/react-aspect-ratio-1.1.0.tgz. Extracting by manifest.
503 silly tarball no local data for @radix-ui/react-arrow@https://registry.npmjs.org/@radix-ui/react-arrow/-/react-arrow-1.1.0.tgz. Extracting by manifest.
504 silly tarball no local data for @radix-ui/react-alert-dialog@https://registry.npmjs.org/@radix-ui/react-alert-dialog/-/react-alert-dialog-1.1.2.tgz. Extracting by manifest.
505 silly tarball no local data for @radix-ui/react-accordion@https://registry.npmjs.org/@radix-ui/react-accordion/-/react-accordion-1.2.1.tgz. Extracting by manifest.
506 silly tarball no local data for @radix-ui/primitive@https://registry.npmjs.org/@radix-ui/primitive/-/primitive-1.1.0.tgz. Extracting by manifest.
507 silly tarball no local data for @radix-ui/react-scroll-area@https://registry.npmjs.org/@radix-ui/react-scroll-area/-/react-scroll-area-1.2.0.tgz. Extracting by manifest.
508 silly tarball no local data for @nodelib/fs.walk@https://registry.npmjs.org/@nodelib/fs.walk/-/fs.walk-1.2.8.tgz. Extracting by manifest.
509 silly tarball no local data for @radix-ui/number@https://registry.npmjs.org/@radix-ui/number/-/number-1.1.0.tgz. Extracting by manifest.
510 silly tarball no local data for @nodelib/fs.stat@https://registry.npmjs.org/@nodelib/fs.stat/-/fs.stat-2.0.5.tgz. Extracting by manifest.
511 silly tarball no local data for @nodelib/fs.scandir@https://registry.npmjs.org/@nodelib/fs.scandir/-/fs.scandir-2.1.5.tgz. Extracting by manifest.
512 silly tarball no local data for @pkgjs/parseargs@https://registry.npmjs.org/@pkgjs/parseargs/-/parseargs-0.11.0.tgz. Extracting by manifest.
513 silly tarball no local data for @jridgewell/trace-mapping@https://registry.npmjs.org/@jridgewell/trace-mapping/-/trace-mapping-0.3.25.tgz. Extracting by manifest.
514 silly tarball no local data for @jridgewell/gen-mapping@https://registry.npmjs.org/@jridgewell/gen-mapping/-/gen-mapping-0.3.5.tgz. Extracting by manifest.
515 silly tarball no local data for @jridgewell/sourcemap-codec@https://registry.npmjs.org/@jridgewell/sourcemap-codec/-/sourcemap-codec-1.5.0.tgz. Extracting by manifest.
516 silly tarball no local data for @isaacs/cliui@https://registry.npmjs.org/@isaacs/cliui/-/cliui-8.0.2.tgz. Extracting by manifest.
517 silly tarball no local data for @humanwhocodes/retry@https://registry.npmjs.org/@humanwhocodes/retry/-/retry-0.3.1.tgz. Extracting by manifest.
518 silly tarball no local data for @jridgewell/resolve-uri@https://registry.npmjs.org/@jridgewell/resolve-uri/-/resolve-uri-3.1.2.tgz. Extracting by manifest.
519 silly tarball no local data for @jridgewell/set-array@https://registry.npmjs.org/@jridgewell/set-array/-/set-array-1.2.1.tgz. Extracting by manifest.
520 silly tarball no local data for @humanfs/node@https://registry.npmjs.org/@humanfs/node/-/node-0.16.5.tgz. Extracting by manifest.
521 silly tarball no local data for @humanwhocodes/module-importer@https://registry.npmjs.org/@humanwhocodes/module-importer/-/module-importer-1.0.1.tgz. Extracting by manifest.
522 silly tarball no local data for @humanfs/core@https://registry.npmjs.org/@humanfs/core/-/core-0.19.0.tgz. Extracting by manifest.
523 silly tarball no local data for @hookform/resolvers@https://registry.npmjs.org/@hookform/resolvers/-/resolvers-3.9.0.tgz. Extracting by manifest.
524 silly tarball no local data for @floating-ui/utils@https://registry.npmjs.org/@floating-ui/utils/-/utils-0.2.8.tgz. Extracting by manifest.
525 silly tarball no local data for @floating-ui/react-dom@https://registry.npmjs.org/@floating-ui/react-dom/-/react-dom-2.1.2.tgz. Extracting by manifest.
526 silly tarball no local data for @floating-ui/dom@https://registry.npmjs.org/@floating-ui/dom/-/dom-1.6.11.tgz. Extracting by manifest.
527 silly tarball no local data for @eslint/plugin-kit@https://registry.npmjs.org/@eslint/plugin-kit/-/plugin-kit-0.2.3.tgz. Extracting by manifest.
528 silly tarball no local data for @eslint/object-schema@https://registry.npmjs.org/@eslint/object-schema/-/object-schema-2.1.4.tgz. Extracting by manifest.
529 silly tarball no local data for @eslint/js@https://registry.npmjs.org/@eslint/js/-/js-9.13.0.tgz. Extracting by manifest.
530 silly tarball no local data for @floating-ui/core@https://registry.npmjs.org/@floating-ui/core/-/core-1.6.8.tgz. Extracting by manifest.
531 silly tarball no local data for @eslint/core@https://registry.npmjs.org/@eslint/core/-/core-0.7.0.tgz. Extracting by manifest.
532 silly tarball no local data for @eslint/config-array@https://registry.npmjs.org/@eslint/config-array/-/config-array-0.18.0.tgz. Extracting by manifest.
533 silly tarball no local data for @eslint-community/eslint-utils@https://registry.npmjs.org/@eslint-community/eslint-utils/-/eslint-utils-4.4.0.tgz. Extracting by manifest.
534 silly tarball no local data for @esbuild/darwin-arm64@https://registry.npmjs.org/@esbuild/darwin-arm64/-/darwin-arm64-0.21.5.tgz. Extracting by manifest.
535 silly tarball no local data for @eslint/eslintrc@https://registry.npmjs.org/@eslint/eslintrc/-/eslintrc-3.1.0.tgz. Extracting by manifest.
536 silly tarball no local data for @alloc/quick-lru@https://registry.npmjs.org/@alloc/quick-lru/-/quick-lru-5.2.0.tgz. Extracting by manifest.
537 silly tarball no local data for @eslint-community/regexpp@https://registry.npmjs.org/@eslint-community/regexpp/-/regexpp-4.11.1.tgz. Extracting by manifest.
538 silly tarball no local data for @babel/types@https://registry.npmjs.org/@babel/types/-/types-7.25.9.tgz. Extracting by manifest.
539 silly tarball no local data for @babel/runtime@https://registry.npmjs.org/@babel/runtime/-/runtime-7.25.9.tgz. Extracting by manifest.
540 silly tarball no local data for @babel/parser@https://registry.npmjs.org/@babel/parser/-/parser-7.25.9.tgz. Extracting by manifest.
541 silly tarball no local data for @babel/helper-string-parser@https://registry.npmjs.org/@babel/helper-string-parser/-/helper-string-parser-7.25.9.tgz. Extracting by manifest.
542 silly tarball no local data for @babel/helper-validator-identifier@https://registry.npmjs.org/@babel/helper-validator-identifier/-/helper-validator-identifier-7.25.9.tgz. Extracting by manifest.
543 silly tarball no local data for string-width@https://registry.npmjs.org/string-width/-/string-width-4.2.3.tgz. Extracting by manifest.
544 silly tarball no local data for ansi-regex@https://registry.npmjs.org/ansi-regex/-/ansi-regex-5.0.1.tgz. Extracting by manifest.
545 silly tarball no local data for ansi-styles@https://registry.npmjs.org/ansi-styles/-/ansi-styles-6.2.1.tgz. Extracting by manifest.
546 silly tarball no local data for ansi-regex@https://registry.npmjs.org/ansi-regex/-/ansi-regex-5.0.1.tgz. Extracting by manifest.
547 silly tarball no local data for strip-ansi@https://registry.npmjs.org/strip-ansi/-/strip-ansi-6.0.1.tgz. Extracting by manifest.
548 silly tarball no local data for emoji-regex@https://registry.npmjs.org/emoji-regex/-/emoji-regex-8.0.0.tgz. Extracting by manifest.
549 silly tarball no local data for emoji-regex@https://registry.npmjs.org/emoji-regex/-/emoji-regex-8.0.0.tgz. Extracting by manifest.
550 silly tarball no local data for react-is@https://registry.npmjs.org/react-is/-/react-is-16.13.1.tgz. Extracting by manifest.
551 silly tarball no local data for esbuild@https://registry.npmjs.org/esbuild/-/esbuild-0.25.0.tgz. Extracting by manifest.
552 silly tarball no local data for strip-ansi@https://registry.npmjs.org/strip-ansi/-/strip-ansi-6.0.1.tgz. Extracting by manifest.
553 silly tarball no local data for minimatch@https://registry.npmjs.org/minimatch/-/minimatch-9.0.5.tgz. Extracting by manifest.
554 silly tarball no local data for strip-json-comments@https://registry.npmjs.org/strip-json-comments/-/strip-json-comments-2.0.1.tgz. Extracting by manifest.
555 silly tarball no local data for brace-expansion@https://registry.npmjs.org/brace-expansion/-/brace-expansion-2.0.1.tgz. Extracting by manifest.
556 silly tarball no local data for react-remove-scroll@https://registry.npmjs.org/react-remove-scroll/-/react-remove-scroll-2.5.5.tgz. Extracting by manifest.
557 silly tarball no local data for @radix-ui/react-use-layout-effect@https://registry.npmjs.org/@radix-ui/react-use-layout-effect/-/react-use-layout-effect-1.0.1.tgz. Extracting by manifest.
558 silly tarball no local data for @esbuild/darwin-arm64@https://registry.npmjs.org/@esbuild/darwin-arm64/-/darwin-arm64-0.25.0.tgz. Extracting by manifest.
559 silly tarball no local data for ansi-regex@https://registry.npmjs.org/ansi-regex/-/ansi-regex-5.0.1.tgz. Extracting by manifest.
560 silly tarball no local data for @radix-ui/react-use-escape-keydown@https://registry.npmjs.org/@radix-ui/react-use-escape-keydown/-/react-use-escape-keydown-1.0.3.tgz. Extracting by manifest.
561 silly tarball no local data for @radix-ui/react-use-controllable-state@https://registry.npmjs.org/@radix-ui/react-use-controllable-state/-/react-use-controllable-state-1.0.1.tgz. Extracting by manifest.
562 silly tarball no local data for @radix-ui/react-slot@https://registry.npmjs.org/@radix-ui/react-slot/-/react-slot-1.0.2.tgz. Extracting by manifest.
563 silly tarball no local data for glob-parent@https://registry.npmjs.org/glob-parent/-/glob-parent-5.1.2.tgz. Extracting by manifest.
564 silly tarball no local data for @radix-ui/react-primitive@https://registry.npmjs.org/@radix-ui/react-primitive/-/react-primitive-1.0.3.tgz. Extracting by manifest.
565 silly tarball no local data for @radix-ui/react-use-callback-ref@https://registry.npmjs.org/@radix-ui/react-use-callback-ref/-/react-use-callback-ref-1.0.1.tgz. Extracting by manifest.
566 silly tarball no local data for @radix-ui/react-id@https://registry.npmjs.org/@radix-ui/react-id/-/react-id-1.0.1.tgz. Extracting by manifest.
567 silly tarball no local data for @radix-ui/react-portal@https://registry.npmjs.org/@radix-ui/react-portal/-/react-portal-1.0.4.tgz. Extracting by manifest.
568 silly tarball no local data for @radix-ui/react-focus-guards@https://registry.npmjs.org/@radix-ui/react-focus-guards/-/react-focus-guards-1.0.1.tgz. Extracting by manifest.
569 silly tarball no local data for @radix-ui/react-dismissable-layer@https://registry.npmjs.org/@radix-ui/react-dismissable-layer/-/react-dismissable-layer-1.0.5.tgz. Extracting by manifest.
570 silly tarball no local data for @radix-ui/react-focus-scope@https://registry.npmjs.org/@radix-ui/react-focus-scope/-/react-focus-scope-1.0.4.tgz. Extracting by manifest.
571 silly tarball no local data for @radix-ui/react-presence@https://registry.npmjs.org/@radix-ui/react-presence/-/react-presence-1.0.1.tgz. Extracting by manifest.
572 silly tarball no local data for @radix-ui/react-dialog@https://registry.npmjs.org/@radix-ui/react-dialog/-/react-dialog-1.0.5.tgz. Extracting by manifest.
573 silly tarball no local data for @radix-ui/react-context@https://registry.npmjs.org/@radix-ui/react-context/-/react-context-1.0.1.tgz. Extracting by manifest.
574 silly tarball no local data for glob-parent@https://registry.npmjs.org/glob-parent/-/glob-parent-5.1.2.tgz. Extracting by manifest.
575 silly tarball no local data for minimatch@https://registry.npmjs.org/minimatch/-/minimatch-9.0.5.tgz. Extracting by manifest.
576 silly tarball no local data for @radix-ui/react-compose-refs@https://registry.npmjs.org/@radix-ui/react-compose-refs/-/react-compose-refs-1.0.1.tgz. Extracting by manifest.
577 silly tarball no local data for eslint-visitor-keys@https://registry.npmjs.org/eslint-visitor-keys/-/eslint-visitor-keys-3.4.3.tgz. Extracting by manifest.
578 silly tarball no local data for @radix-ui/react-context@https://registry.npmjs.org/@radix-ui/react-context/-/react-context-1.1.0.tgz. Extracting by manifest.
579 silly tarball no local data for postcss-selector-parser@https://registry.npmjs.org/postcss-selector-parser/-/postcss-selector-parser-6.0.10.tgz. Extracting by manifest.
580 silly tarball no local data for brace-expansion@https://registry.npmjs.org/brace-expansion/-/brace-expansion-2.0.1.tgz. Extracting by manifest.
581 silly tarball no local data for @radix-ui/primitive@https://registry.npmjs.org/@radix-ui/primitive/-/primitive-1.0.1.tgz. Extracting by manifest.
582 silly tarball no local data for @radix-ui/react-context@https://registry.npmjs.org/@radix-ui/react-context/-/react-context-1.1.0.tgz. Extracting by manifest.
583 silly tarball no local data for @radix-ui/react-context@https://registry.npmjs.org/@radix-ui/react-context/-/react-context-1.1.0.tgz. Extracting by manifest.
584 silly tarball no local data for @radix-ui/react-context@https://registry.npmjs.org/@radix-ui/react-context/-/react-context-1.1.0.tgz. Extracting by manifest.
585 silly tarball no local data for @radix-ui/react-context@https://registry.npmjs.org/@radix-ui/react-context/-/react-context-1.1.0.tgz. Extracting by manifest.
586 silly tarball no local data for eslint-visitor-keys@https://registry.npmjs.org/eslint-visitor-keys/-/eslint-visitor-keys-3.4.3.tgz. Extracting by manifest.
587 silly tarball no local data for globals@https://registry.npmjs.org/globals/-/globals-14.0.0.tgz. Extracting by manifest.
588 http fetch GET 200 https://registry.npmjs.org/npm 808ms
589 http fetch GET 200 https://registry.npmjs.org/word-wrap/-/word-wrap-1.2.5.tgz 641ms (cache miss)
590 http fetch GET 200 https://registry.npmjs.org/wrap-ansi/-/wrap-ansi-7.0.0.tgz 642ms (cache miss)
591 http fetch GET 200 https://registry.npmjs.org/util-deprecate/-/util-deprecate-1.0.2.tgz 641ms (cache miss)
592 http fetch GET 200 https://registry.npmjs.org/wrap-ansi/-/wrap-ansi-8.1.0.tgz 644ms (cache miss)
593 http fetch GET 200 https://registry.npmjs.org/wrappy/-/wrappy-1.0.2.tgz 644ms (cache miss)
594 http fetch GET 200 https://registry.npmjs.org/yocto-queue/-/yocto-queue-0.1.0.tgz 647ms (cache miss)
595 http fetch GET 200 https://registry.npmjs.org/which/-/which-2.0.2.tgz 643ms (cache miss)
596 http fetch GET 200 https://registry.npmjs.org/vaul/-/vaul-0.9.9.tgz 661ms (cache miss)
597 http fetch GET 200 https://registry.npmjs.org/use-sidecar/-/use-sidecar-1.1.2.tgz 672ms (cache miss)
598 http fetch GET 200 https://registry.npmjs.org/use-callback-ref/-/use-callback-ref-1.3.2.tgz 708ms (cache miss)
599 http fetch GET 200 https://registry.npmjs.org/update-browserslist-db/-/update-browserslist-db-1.1.1.tgz 714ms (cache miss)
600 http fetch GET 200 https://registry.npmjs.org/tunnel-agent/-/tunnel-agent-0.6.0.tgz 715ms (cache miss)
601 http fetch GET 200 https://registry.npmjs.org/ts-interface-checker/-/ts-interface-checker-0.1.13.tgz 739ms (cache miss)
602 http fetch GET 200 https://registry.npmjs.org/tiny-invariant/-/tiny-invariant-1.3.3.tgz 739ms (cache miss)
603 http fetch GET 200 https://registry.npmjs.org/tslib/-/tslib-2.8.0.tgz 745ms (cache miss)
604 http fetch GET 200 https://registry.npmjs.org/zod/-/zod-3.23.8.tgz 759ms (cache miss)
605 http fetch GET 200 https://registry.npmjs.org/undici-types/-/undici-types-6.19.8.tgz 760ms (cache miss)
606 http fetch GET 200 https://registry.npmjs.org/typescript-eslint/-/typescript-eslint-8.11.0.tgz 765ms (cache miss)
607 http fetch GET 200 https://registry.npmjs.org/text-table/-/text-table-0.2.0.tgz 780ms (cache miss)
608 http fetch GET 200 https://registry.npmjs.org/uri-js/-/uri-js-4.4.1.tgz 786ms (cache miss)
609 http fetch GET 200 https://registry.npmjs.org/to-regex-range/-/to-regex-range-5.0.1.tgz 817ms (cache miss)
610 http fetch GET 200 https://registry.npmjs.org/thenify-all/-/thenify-all-1.6.0.tgz 818ms (cache miss)
611 http fetch GET 200 https://registry.npmjs.org/supports-preserve-symlinks-flag/-/supports-preserve-symlinks-flag-1.0.0.tgz 815ms (cache miss)
612 http fetch GET 200 https://registry.npmjs.org/tailwindcss-animate/-/tailwindcss-animate-1.0.7.tgz 817ms (cache miss)
613 http fetch GET 200 https://registry.npmjs.org/thenify/-/thenify-3.3.1.tgz 818ms (cache miss)
614 http fetch GET 200 https://registry.npmjs.org/tar-stream/-/tar-stream-2.2.0.tgz 820ms (cache miss)
615 http fetch GET 200 https://registry.npmjs.org/type-check/-/type-check-0.4.0.tgz 819ms (cache miss)
616 http fetch GET 200 https://registry.npmjs.org/tar-fs/-/tar-fs-2.1.2.tgz 843ms (cache miss)
617 http fetch GET 200 https://registry.npmjs.org/ts-api-utils/-/ts-api-utils-1.3.0.tgz 865ms (cache miss)
618 http fetch GET 200 https://registry.npmjs.org/supports-color/-/supports-color-7.2.0.tgz 864ms (cache miss)
619 http fetch GET 200 https://registry.npmjs.org/strip-ansi/-/strip-ansi-6.0.1.tgz 911ms (cache miss)
620 http fetch GET 200 https://registry.npmjs.org/strip-json-comments/-/strip-json-comments-3.1.1.tgz 912ms (cache miss)
621 http fetch GET 200 https://registry.npmjs.org/strip-ansi/-/strip-ansi-7.1.0.tgz 913ms (cache miss)
622 http fetch GET 200 https://registry.npmjs.org/string-width/-/string-width-4.2.3.tgz 919ms (cache miss)
623 http fetch GET 200 https://registry.npmjs.org/string_decoder/-/string_decoder-1.3.0.tgz 924ms (cache miss)
624 http fetch GET 200 https://registry.npmjs.org/signal-exit/-/signal-exit-4.1.0.tgz 925ms (cache miss)
625 http fetch GET 200 https://registry.npmjs.org/simple-concat/-/simple-concat-1.0.1.tgz 926ms (cache miss)
626 http fetch GET 200 https://registry.npmjs.org/shebang-regex/-/shebang-regex-3.0.0.tgz 927ms (cache miss)
627 http fetch GET 200 https://registry.npmjs.org/tailwind-merge/-/tailwind-merge-2.5.4.tgz 937ms (cache miss)
628 http fetch GET 200 https://registry.npmjs.org/simple-get/-/simple-get-4.0.1.tgz 935ms (cache miss)
629 http fetch GET 200 https://registry.npmjs.org/vite/-/vite-5.4.10.tgz 953ms (cache miss)
630 http fetch POST 200 https://registry.npmjs.org/-/npm/v1/security/advisories/bulk 1020ms
631 silly audit report {
631 silly audit report   '@babel/runtime': [
631 silly audit report     {
631 silly audit report       id: 1104000,
631 silly audit report       url: 'https://github.com/advisories/GHSA-968p-4wvh-cqc8',
631 silly audit report       title: 'Babel has inefficient RegExp complexity in generated code with .replace when transpiling named capturing groups',
631 silly audit report       severity: 'moderate',
631 silly audit report       vulnerable_versions: '<7.26.10',
631 silly audit report       cwe: [Array],
631 silly audit report       cvss: [Object]
631 silly audit report     }
631 silly audit report   ],
631 silly audit report   '@eslint/plugin-kit': [
631 silly audit report     {
631 silly audit report       id: 1106734,
631 silly audit report       url: 'https://github.com/advisories/GHSA-xffm-g5w8-qvg7',
631 silly audit report       title: '@eslint/plugin-kit is vulnerable to Regular Expression Denial of Service attacks through ConfigCommentParser',
631 silly audit report       severity: 'low',
631 silly audit report       vulnerable_versions: '<0.3.4',
631 silly audit report       cwe: [Array],
631 silly audit report       cvss: [Object]
631 silly audit report     }
631 silly audit report   ],
631 silly audit report   '@remix-run/router': [
631 silly audit report     {
631 silly audit report       id: 1112052,
631 silly audit report       url: 'https://github.com/advisories/GHSA-2w69-qvjg-hvjx',
631 silly audit report       title: 'React Router vulnerable to XSS via Open Redirects',
631 silly audit report       severity: 'high',
631 silly audit report       vulnerable_versions: '<=1.23.1',
631 silly audit report       cwe: [Array],
631 silly audit report       cvss: [Object]
631 silly audit report     }
631 silly audit report   ],
631 silly audit report   'brace-expansion': [
631 silly audit report     {
631 silly audit report       id: 1105443,
631 silly audit report       url: 'https://github.com/advisories/GHSA-v6h2-p8h4-qcjw',
631 silly audit report       title: 'brace-expansion Regular Expression Denial of Service vulnerability',
631 silly audit report       severity: 'low',
631 silly audit report       vulnerable_versions: '>=1.0.0 <=1.1.11',
631 silly audit report       cwe: [Array],
631 silly audit report       cvss: [Object]
631 silly audit report     },
631 silly audit report     {
631 silly audit report       id: 1105444,
631 silly audit report       url: 'https://github.com/advisories/GHSA-v6h2-p8h4-qcjw',
631 silly audit report       title: 'brace-expansion Regular Expression Denial of Service vulnerability',
631 silly audit report       severity: 'low',
631 silly audit report       vulnerable_versions: '>=2.0.0 <=2.0.1',
631 silly audit report       cwe: [Array],
631 silly audit report       cvss: [Object]
631 silly audit report     },
631 silly audit report     {
631 silly audit report       id: 1130588,
631 silly audit report       url: 'https://github.com/advisories/GHSA-mh99-v99m-4gvg',
631 silly audit report       title: 'brace-expansion: DoS via unbounded expansion length causing an out-of-memory process crash',
631 silly audit report       severity: 'high',
631 silly audit report       vulnerable_versions: '<1.1.17',
631 silly audit report       cwe: [Array],
631 silly audit report       cvss: [Object]
631 silly audit report     },
631 silly audit report     {
631 silly audit report       id: 1130589,
631 silly audit report       url: 'https://github.com/advisories/GHSA-mh99-v99m-4gvg',
631 silly audit report       title: 'brace-expansion: DoS via unbounded expansion length causing an out-of-memory process crash',
631 silly audit report       severity: 'high',
631 silly audit report       vulnerable_versions: '>=2.0.0 <2.1.3',
631 silly audit report       cwe: [Array],
631 silly audit report       cvss: [Object]
631 silly audit report     },
631 silly audit report     {
631 silly audit report       id: 1115540,
631 silly audit report       url: 'https://github.com/advisories/GHSA-f886-m6hf-6m8v',
631 silly audit report       title: 'brace-expansion: Zero-step sequence causes process hang and memory exhaustion',
631 silly audit report       severity: 'moderate',
631 silly audit report       vulnerable_versions: '<1.1.13',
631 silly audit report       cwe: [Array],
631 silly audit report       cvss: [Object]
631 silly audit report     },
631 silly audit report     {
631 silly audit report       id: 1115541,
631 silly audit report       url: 'https://github.com/advisories/GHSA-f886-m6hf-6m8v',
631 silly audit report       title: 'brace-expansion: Zero-step sequence causes process hang and memory exhaustion',
631 silly audit report       severity: 'moderate',
631 silly audit report       vulnerable_versions: '>=2.0.0 <2.0.3',
631 silly audit report       cwe: [Array],
631 silly audit report       cvss: [Object]
631 silly audit report     },
631 silly audit report     {
631 silly audit report       id: 1123896,
631 silly audit report       url: 'https://github.com/advisories/GHSA-3jxr-9vmj-r5cp',
631 silly audit report       title: 'brace-expansion: DoS via exponential-time expansion of consecutive non-expanding {} groups',
631 silly audit report       severity: 'high',
631 silly audit report       vulnerable_versions: '>=2.0.0 <2.1.2',
631 silly audit report       cwe: [Array],
631 silly audit report       cvss: [Object]
631 silly audit report     },
631 silly audit report     {
631 silly audit report       id: 1123897,
631 silly audit report       url: 'https://github.com/advisories/GHSA-3jxr-9vmj-r5cp',
631 silly audit report       title: 'brace-expansion: DoS via exponential-time expansion of consecutive non-expanding {} groups',
631 silly audit report       severity: 'high',
631 silly audit report       vulnerable_versions: '<1.1.16',
631 silly audit report       cwe: [Array],
631 silly audit report       cvss: [Object]
631 silly audit report     }
631 silly audit report   ],
631 silly audit report   minimatch: [
631 silly audit report     {
631 silly audit report       id: 1113459,
631 silly audit report       url: 'https://github.com/advisories/GHSA-3ppc-4f35-3m26',
631 silly audit report       title: 'minimatch has a ReDoS via repeated wildcards with non-matching literal in pattern',
631 silly audit report       severity: 'high',
631 silly audit report       vulnerable_versions: '<3.1.3',
631 silly audit report       cwe: [Array],
631 silly audit report       cvss: [Object]
631 silly audit report     },
631 silly audit report     {
631 silly audit report       id: 1113465,
631 silly audit report       url: 'https://github.com/advisories/GHSA-3ppc-4f35-3m26',
631 silly audit report       title: 'minimatch has a ReDoS via repeated wildcards with non-matching literal in pattern',
631 silly audit report       severity: 'high',
631 silly audit report       vulnerable_versions: '>=9.0.0 <9.0.6',
631 silly audit report       cwe: [Array],
631 silly audit report       cvss: [Object]
631 silly audit report     },
631 silly audit report     {
631 silly audit report       id: 1113538,
631 silly audit report       url: 'https://github.com/advisories/GHSA-7r86-cg39-jmmj',
631 silly audit report       title: 'minimatch has ReDoS: matchOne() combinatorial backtracking via multiple non-adjacent GLOBSTAR segments',
631 silly audit report       severity: 'high',
631 silly audit report       vulnerable_versions: '<3.1.3',
631 silly audit report       cwe: [Array],
631 silly audit report       cvss: [Object]
631 silly audit report     },
631 silly audit report     {
631 silly audit report       id: 1113544,
631 silly audit report       url: 'https://github.com/advisories/GHSA-7r86-cg39-jmmj',
631 silly audit report       title: 'minimatch has ReDoS: matchOne() combinatorial backtracking via multiple non-adjacent GLOBSTAR segments',
631 silly audit report       severity: 'high',
631 silly audit report       vulnerable_versions: '>=9.0.0 <9.0.7',
631 silly audit report       cwe: [Array],
631 silly audit report       cvss: [Object]
631 silly audit report     },
631 silly audit report     {
631 silly audit report       id: 1113546,
631 silly audit report       url: 'https://github.com/advisories/GHSA-23c5-xmqv-rm74',
631 silly audit report       title: 'minimatch ReDoS: nested *() extglobs generate catastrophically backtracking regular expressions',
631 silly audit report       severity: 'high',
631 silly audit report       vulnerable_versions: '<3.1.4',
631 silly audit report       cwe: [Array],
631 silly audit report       cvss: [Object]
631 silly audit report     },
631 silly audit report     {
631 silly audit report       id: 1113552,
631 silly audit report       url: 'https://github.com/advisories/GHSA-23c5-xmqv-rm74',
631 silly audit report       title: 'minimatch ReDoS: nested *() extglobs generate catastrophically backtracking regular expressions',
631 silly audit report       severity: 'high',
631 silly audit report       vulnerable_versions: '>=9.0.0 <9.0.7',
631 silly audit report       cwe: [Array],
631 silly audit report       cvss: [Object]
631 silly audit report     }
631 silly audit report   ],
631 silly audit report   ajv: [
631 silly audit report     {
631 silly audit report       id: 1113714,
631 silly audit report       url: 'https://github.com/advisories/GHSA-2g4f-4pwh-qvx6',
631 silly audit report       title: 'ajv has ReDoS when using `$data` option',
631 silly audit report       severity: 'moderate',
631 silly audit report       vulnerable_versions: '<6.14.0',
631 silly audit report       cwe: [Array],
631 silly audit report       cvss: [Object]
631 silly audit report     }
631 silly audit report   ],
631 silly audit report   esbuild: [
631 silly audit report     {
631 silly audit report       id: 1102341,
631 silly audit report       url: 'https://github.com/advisories/GHSA-67mh-4wv8-2f99',
631 silly audit report       title: 'esbuild enables any website to send any requests to the development server and read the response',
631 silly audit report       severity: 'moderate',
631 silly audit report       vulnerable_versions: '<=0.24.2',
631 silly audit report       cwe: [Array],
631 silly audit report       cvss: [Object]
631 silly audit report     }
631 silly audit report   ],
631 silly audit report   flatted: [
631 silly audit report     {
631 silly audit report       id: 1114526,
631 silly audit report       url: 'https://github.com/advisories/GHSA-25h7-pfq9-p65f',
631 silly audit report       title: 'flatted vulnerable to unbounded recursion DoS in parse() revive phase',
631 silly audit report       severity: 'high',
631 silly audit report       vulnerable_versions: '<3.4.0',
631 silly audit report       cwe: [Array],
631 silly audit report       cvss: [Object]
631 silly audit report     },
631 silly audit report     {
631 silly audit report       id: 1115357,
631 silly audit report       url: 'https://github.com/advisories/GHSA-rf6f-7fwh-wjgh',
631 silly audit report       title: 'Prototype Pollution via parse() in NodeJS flatted',
631 silly audit report       severity: 'high',
631 silly audit report       vulnerable_versions: '<=3.4.1',
631 silly audit report       cwe: [Array],
631 silly audit report       cvss: [Object]
631 silly audit report     }
631 silly audit report   ],
631 silly audit report   glob: [
631 silly audit report     {
631 silly audit report       id: 1109842,
631 silly audit report       url: 'https://github.com/advisories/GHSA-5j98-mcp5-4vw2',
631 silly audit report       title: 'glob CLI: Command injection via -c/--cmd executes matches with shell:true',
631 silly audit report       severity: 'high',
631 silly audit report       vulnerable_versions: '>=10.2.0 <10.5.0',
631 silly audit report       cwe: [Array],
631 silly audit report       cvss: [Object]
631 silly audit report     }
631 silly audit report   ],
631 silly audit report   'js-yaml': [
631 silly audit report     {
631 silly audit report       id: 1112715,
631 silly audit report       url: 'https://github.com/advisories/GHSA-mh29-5h37-fv8m',
631 silly audit report       title: 'js-yaml has prototype pollution in merge (<<)',
631 silly audit report       severity: 'moderate',
631 silly audit report       vulnerable_versions: '>=4.0.0 <4.1.1',
631 silly audit report       cwe: [Array],
631 silly audit report       cvss: [Object]
631 silly audit report     },
631 silly audit report     {
631 silly audit report       id: 1121860,
631 silly audit report       url: 'https://github.com/advisories/GHSA-h67p-54hq-rp68',
631 silly audit report       title: 'JS-YAML: Quadratic-complexity DoS in merge key handling via repeated aliases',
631 silly audit report       severity: 'moderate',
631 silly audit report       vulnerable_versions: '>=4.0.0 <=4.1.1',
631 silly audit report       cwe: [Array],
631 silly audit report       cvss: [Object]
631 silly audit report     },
631 silly audit report     {
631 silly audit report       id: 1123911,
631 silly audit report       url: 'https://github.com/advisories/GHSA-52cp-r559-cp3m',
631 silly audit report       title: 'js-yaml: YAML merge-key chains can force quadratic CPU consumption',
631 silly audit report       severity: 'high',
631 silly audit report       vulnerable_versions: '>=4.0.0 <4.3.0',
631 silly audit report       cwe: [Array],
631 silly audit report       cvss: [Object]
631 silly audit report     }
631 silly audit report   ],
631 silly audit report   lodash: [
631 silly audit report     {
631 silly audit report       id: 1120370,
631 silly audit report       url: 'https://github.com/advisories/GHSA-xxjr-mmjv-4gpg',
631 silly audit report       title: 'Lodash has Prototype Pollution Vulnerability in `_.unset` and `_.omit` functions',
631 silly audit report       severity: 'moderate',
631 silly audit report       vulnerable_versions: '>=4.0.0 <=4.17.22',
631 silly audit report       cwe: [Array],
631 silly audit report       cvss: [Object]
631 silly audit report     },
631 silly audit report     {
631 silly audit report       id: 1115806,
631 silly audit report       url: 'https://github.com/advisories/GHSA-r5fr-rjxr-66jc',
631 silly audit report       title: 'lodash vulnerable to Code Injection via `_.template` imports key names',
631 silly audit report       severity: 'high',
631 silly audit report       vulnerable_versions: '>=4.0.0 <=4.17.23',
631 silly audit report       cwe: [Array],
631 silly audit report       cvss: [Object]
631 silly audit report     },
631 silly audit report     {
631 silly audit report       id: 1115810,
631 silly audit report       url: 'https://github.com/advisories/GHSA-f23m-r3pf-42rh',
631 silly audit report       title: 'lodash vulnerable to Prototype Pollution via array path bypass in `_.unset` and `_.omit`',
631 silly audit report       severity: 'moderate',
631 silly audit report       vulnerable_versions: '<=4.17.23',
631 silly audit report       cwe: [Array],
631 silly audit report       cvss: [Object]
631 silly audit report     }
631 silly audit report   ],
631 silly audit report   nanoid: [
631 silly audit report     {
631 silly audit report       id: 1109563,
631 silly audit report       url: 'https://github.com/advisories/GHSA-mwcw-c2x4-8c55',
631 silly audit report       title: 'Predictable results in nanoid generation when given non-integer values',
631 silly audit report       severity: 'moderate',
631 silly audit report       vulnerable_versions: '<3.3.8',
631 silly audit report       cwe: [Array],
631 silly audit report       cvss: [Object]
631 silly audit report     }
631 silly audit report   ],
631 silly audit report   picomatch: [
631 silly audit report     {
631 silly audit report       id: 1115549,
631 silly audit report       url: 'https://github.com/advisories/GHSA-3v7f-55p6-f55p',
631 silly audit report       title: 'Picomatch: Method Injection in POSIX Character Classes causes incorrect Glob Matching',
631 silly audit report       severity: 'moderate',
631 silly audit report       vulnerable_versions: '<2.3.2',
631 silly audit report       cwe: [Array],
631 silly audit report       cvss: [Object]
631 silly audit report     },
631 silly audit report     {
631 silly audit report       id: 1115552,
631 silly audit report       url: 'https://github.com/advisories/GHSA-c2c7-rcm5-vvqj',
631 silly audit report       title: 'Picomatch has a ReDoS vulnerability via extglob quantifiers',
631 silly audit report       severity: 'high',
631 silly audit report       vulnerable_versions: '<2.3.2',
631 silly audit report       cwe: [Array],
631 silly audit report       cvss: [Object]
631 silly audit report     }
631 silly audit report   ],
631 silly audit report   postcss: [
631 silly audit report     {
631 silly audit report       id: 1117015,
631 silly audit report       url: 'https://github.com/advisories/GHSA-qx2v-qp2m-jg93',
631 silly audit report       title: 'PostCSS has XSS via Unescaped </style> in its CSS Stringify Output',
631 silly audit report       severity: 'moderate',
631 silly audit report       vulnerable_versions: '<8.5.10',
631 silly audit report       cwe: [Array],
631 silly audit report       cvss: [Object]
631 silly audit report     },
631 silly audit report     {
631 silly audit report       id: 1124252,
631 silly audit report       url: 'https://github.com/advisories/GHSA-6g55-p6wh-862q',
631 silly audit report       title: 'PostCSS: Arbitrary file read and information disclosure via attacker-controlled sourceMappingURL in CSS comments',
631 silly audit report       severity: 'high',
631 silly audit report       vulnerable_versions: '<=8.5.11',
631 silly audit report       cwe: [Array],
631 silly audit report       cvss: [Object]
631 silly audit report     },
631 silly audit report     {
631 silly audit report       id: 1124288,
631 silly audit report       url: 'https://github.com/advisories/GHSA-r28c-9q8g-f849',
631 silly audit report       title: 'PostCSS: Path Traversal in Previous Source Map Auto-Loading (sourceMappingURL) leads to Arbitrary .map File Disclosure',
631 silly audit report       severity: 'high',
631 silly audit report       vulnerable_versions: '<=8.5.17',
631 silly audit report       cwe: [Array],
631 silly audit report       cvss: [Object]
631 silly audit report     }
631 silly audit report   ],
631 silly audit report   'react-router': [
631 silly audit report     {
631 silly audit report       id: 1112057,
631 silly audit report       url: 'https://github.com/advisories/GHSA-9jcx-v3wj-wh4m',
631 silly audit report       title: 'React Router has unexpected external redirect via untrusted paths',
631 silly audit report       severity: 'moderate',
631 silly audit report       vulnerable_versions: '>=6.0.0 <6.30.2',
631 silly audit report       cwe: [Array],
631 silly audit report       cvss: [Object]
631 silly audit report     },
631 silly audit report     {
631 silly audit report       id: 1120064,
631 silly audit report       url: 'https://github.com/advisories/GHSA-2j2x-hqr9-3h42',
631 silly audit report       title: "React Router's same-origin redirect with path starting // causes open redirect via protocol-relative URL reinterpretation",
631 silly audit report       severity: 'moderate',
631 silly audit report       vulnerable_versions: '>=6.7.0 <6.30.4',
631 silly audit report       cwe: [Array],
631 silly audit report       cvss: [Object]
631 silly audit report     },
631 silly audit report     {
631 silly audit report       id: 1124268,
631 silly audit report       url: 'https://github.com/advisories/GHSA-wrjc-x8rr-h8h6',
631 silly audit report       title: 'React Router: Open redirect via backslash in <Link> and useNavigate (CVE-2025-68470 bypass)',
631 silly audit report       severity: 'moderate',
631 silly audit report       vulnerable_versions: '>=6.0.0 <7.18.0',
631 silly audit report       cwe: [Array],
631 silly audit report       cvss: [Object]
631 silly audit report     },
631 silly audit report     {
631 silly audit report       id: 1124272,
631 silly audit report       url: 'https://github.com/advisories/GHSA-337j-9hxr-rhxg',
631 silly audit report       title: 'React Router: Arbitrary Constructor Injection via deserializeErrors() in React Router SSR Hydration',
631 silly audit report       severity: 'moderate',
631 silly audit report       vulnerable_versions: '>=6.4.0 <7.18.0',
631 silly audit report       cwe: [Array],
631 silly audit report       cvss: [Object]
631 silly audit report     }
631 silly audit report   ],
631 silly audit report   rollup: [
631 silly audit report     {
631 silly audit report       id: 1113515,
631 silly audit report       url: 'https://github.com/advisories/GHSA-mw96-cpmx-2vgc',
631 silly audit report       title: 'Rollup 4 has Arbitrary File Write via Path Traversal',
631 silly audit report       severity: 'high',
631 silly audit report       vulnerable_versions: '>=4.0.0 <4.59.0',
631 silly audit report       cwe: [Array],
631 silly audit report       cvss: [Object]
631 silly audit report     }
631 silly audit report   ],
631 silly audit report   'tar-fs': [
631 silly audit report     {
631 silly audit report       id: 1109532,
631 silly audit report       url: 'https://github.com/advisories/GHSA-vj76-c3g6-qr5v',
631 silly audit report       title: 'tar-fs has a symlink validation bypass if destination directory is predictable with a specific tarball',
631 silly audit report       severity: 'high',
631 silly audit report       vulnerable_versions: '>=2.0.0 <2.1.4',
631 silly audit report       cwe: [Array],
631 silly audit report       cvss: [Object]
631 silly audit report     },
631 silly audit report     {
631 silly audit report       id: 1109543,
631 silly audit report       url: 'https://github.com/advisories/GHSA-8cj5-5rvv-wf4v',
631 silly audit report       title: 'tar-fs can extract outside the specified dir with a specific tarball',
631 silly audit report       severity: 'high',
631 silly audit report       vulnerable_versions: '>=2.0.0 <2.1.3',
631 silly audit report       cwe: [Array],
631 silly audit report       cvss: [Object]
631 silly audit report     }
631 silly audit report   ],
631 silly audit report   vite: [
631 silly audit report     {
631 silly audit report       id: 1102437,
631 silly audit report       url: 'https://github.com/advisories/GHSA-vg6x-rcgg-rjx6',
631 silly audit report       title: 'Websites were able to send any requests to the development server and read the response in vite',
631 silly audit report       severity: 'moderate',
631 silly audit report       vulnerable_versions: '>=5.0.0 <=5.4.11',
631 silly audit report       cwe: [Array],
631 silly audit report       cvss: [Object]
631 silly audit report     },
631 silly audit report     {
631 silly audit report       id: 1103517,
631 silly audit report       url: 'https://github.com/advisories/GHSA-x574-m823-4x7w',
631 silly audit report       title: 'Vite bypasses server.fs.deny when using ?raw??',
631 silly audit report       severity: 'moderate',
631 silly audit report       vulnerable_versions: '>=5.0.0 <5.4.15',
631 silly audit report       cwe: [Array],
631 silly audit report       cvss: [Object]
631 silly audit report     },
631 silly audit report     {
631 silly audit report       id: 1103884,
631 silly audit report       url: 'https://github.com/advisories/GHSA-356w-63v5-8wf4',
631 silly audit report       title: 'Vite has an `server.fs.deny` bypass with an invalid `request-target`',
631 silly audit report       severity: 'moderate',
631 silly audit report       vulnerable_versions: '>=5.0.0 <5.4.18',
631 silly audit report       cwe: [Array],
631 silly audit report       cvss: [Object]
631 silly audit report     },
631 silly audit report     {
631 silly audit report       id: 1104173,
631 silly audit report       url: 'https://github.com/advisories/GHSA-859w-5945-r5v3',
631 silly audit report       title: "Vite's server.fs.deny bypassed with /. for files under project root",
631 silly audit report       severity: 'moderate',
631 silly audit report       vulnerable_versions: '>=5.0.0 <=5.4.18',
631 silly audit report       cwe: [Array],
631 silly audit report       cvss: [Object]
631 silly audit report     },
631 silly audit report     {
631 silly audit report       id: 1104202,
631 silly audit report       url: 'https://github.com/advisories/GHSA-xcj6-pq6g-qj4x',
631 silly audit report       title: 'Vite allows server.fs.deny to be bypassed with .svg or relative paths',
631 silly audit report       severity: 'moderate',
631 silly audit report       vulnerable_versions: '>=5.0.0 <5.4.17',
631 silly audit report       cwe: [Array],
631 silly audit report       cvss: [Object]
631 silly audit report     },
631 silly audit report     {
631 silly audit report       id: 1107323,
631 silly audit report       url: 'https://github.com/advisories/GHSA-g4jq-h2w9-997c',
631 silly audit report       title: 'Vite middleware may serve files starting with the same name with the public directory',
631 silly audit report       severity: 'low',
631 silly audit report       vulnerable_versions: '<=5.4.19',
631 silly audit report       cwe: [Array],
631 silly audit report       cvss: [Object]
631 silly audit report     },
631 silly audit report     {
631 silly audit report       id: 1107327,
631 silly audit report       url: 'https://github.com/advisories/GHSA-jqfw-vq24-v9c3',
631 silly audit report       title: "Vite's `server.fs` settings were not applied to HTML files",
631 silly audit report       severity: 'low',
631 silly audit report       vulnerable_versions: '<=5.4.19',
631 silly audit report       cwe: [Array],
631 silly audit report       cvss: [Object]
631 silly audit report     },
631 silly audit report     {
631 silly audit report       id: 1109131,
631 silly audit report       url: 'https://github.com/advisories/GHSA-93m4-6634-74q7',
631 silly audit report       title: 'vite allows server.fs.deny bypass via backslash on Windows',
631 silly audit report       severity: 'moderate',
631 silly audit report       vulnerable_versions: '>=5.2.6 <=5.4.20',
631 silly audit report       cwe: [Array],
631 silly audit report       cvss: [Object]
631 silly audit report     },
631 silly audit report     {
631 silly audit report       id: 1112511,
631 silly audit report       url: 'https://github.com/advisories/GHSA-4r4m-qw57-chr8',
631 silly audit report       title: 'Vite has a `server.fs.deny` bypassed for `inline` and `raw` with `?import` query',
631 silly audit report       severity: 'moderate',
631 silly audit report       vulnerable_versions: '>=5.0.0 <5.4.16',
631 silly audit report       cwe: [Array],
631 silly audit report       cvss: [Object]
631 silly audit report     },
631 silly audit report     {
631 silly audit report       id: 1120784,
631 silly audit report       url: 'https://github.com/advisories/GHSA-v6wh-96g9-6wx3',
631 silly audit report       title: 'launch-editor: NTLMv2 hash disclosure via UNC path handling on Windows',
631 silly audit report       severity: 'moderate',
631 silly audit report       vulnerable_versions: '<=6.4.2',
631 silly audit report       cwe: [Array],
631 silly audit report       cvss: [Object]
631 silly audit report     },
631 silly audit report     {
631 silly audit report       id: 1116229,
631 silly audit report       url: 'https://github.com/advisories/GHSA-4w7w-66w2-5vf9',
631 silly audit report       title: 'Vite Vulnerable to Path Traversal in Optimized Deps `.map` Handling',
631 silly audit report       severity: 'moderate',
631 silly audit report       vulnerable_versions: '<=6.4.1',
631 silly audit report       cwe: [Array],
631 silly audit report       cvss: [Object]
631 silly audit report     },
631 silly audit report     {
631 silly audit report       id: 1123525,
631 silly audit report       url: 'https://github.com/advisories/GHSA-fx2h-pf6j-xcff',
631 silly audit report       title: 'vite: `server.fs.deny` bypass on Windows alternate paths',
631 silly audit report       severity: 'high',
631 silly audit report       vulnerable_versions: '<=6.4.2',
631 silly audit report       cwe: [Array],
631 silly audit report       cvss: [Object]
631 silly audit report     }
631 silly audit report   ],
631 silly audit report   yaml: [
631 silly audit report     {
631 silly audit report       id: 1115556,
631 silly audit report       url: 'https://github.com/advisories/GHSA-48c2-rrv3-qjmp',
631 silly audit report       title: 'yaml is vulnerable to Stack Overflow via deeply nested YAML collections',
631 silly audit report       severity: 'moderate',
631 silly audit report       vulnerable_versions: '>=2.0.0 <2.8.3',
631 silly audit report       cwe: [Array],
631 silly audit report       cvss: [Object]
631 silly audit report     }
631 silly audit report   ]
631 silly audit report }
632 silly packumentCache corgi:https://registry.npmjs.org/@babel%2fruntime cache-miss
633 silly packumentCache corgi:https://registry.npmjs.org/@eslint%2fplugin-kit cache-miss
634 silly packumentCache corgi:https://registry.npmjs.org/@remix-run%2frouter cache-miss
635 silly packumentCache corgi:https://registry.npmjs.org/brace-expansion cache-miss
636 silly packumentCache corgi:https://registry.npmjs.org/minimatch cache-miss
637 silly packumentCache corgi:https://registry.npmjs.org/ajv cache-miss
638 silly packumentCache corgi:https://registry.npmjs.org/esbuild cache-miss
639 silly packumentCache corgi:https://registry.npmjs.org/flatted cache-miss
640 silly packumentCache corgi:https://registry.npmjs.org/glob cache-miss
641 silly packumentCache corgi:https://registry.npmjs.org/js-yaml cache-miss
642 silly packumentCache corgi:https://registry.npmjs.org/lodash cache-miss
643 silly packumentCache corgi:https://registry.npmjs.org/nanoid cache-miss
644 silly packumentCache corgi:https://registry.npmjs.org/picomatch cache-miss
645 silly packumentCache corgi:https://registry.npmjs.org/postcss cache-miss
646 silly packumentCache corgi:https://registry.npmjs.org/react-router cache-miss
647 silly packumentCache corgi:https://registry.npmjs.org/rollup cache-miss
648 silly packumentCache corgi:https://registry.npmjs.org/tar-fs cache-miss
649 silly packumentCache corgi:https://registry.npmjs.org/vite cache-miss
650 silly packumentCache corgi:https://registry.npmjs.org/yaml cache-miss
651 http fetch GET 200 https://registry.npmjs.org/shebang-command/-/shebang-command-2.0.0.tgz 984ms (cache miss)
652 http fetch GET 200 https://registry.npmjs.org/run-parallel/-/run-parallel-1.2.0.tgz 984ms (cache miss)
653 http fetch GET 200 https://registry.npmjs.org/safe-buffer/-/safe-buffer-5.2.1.tgz 994ms (cache miss)
654 http fetch GET 200 https://registry.npmjs.org/source-map-js/-/source-map-js-1.2.1.tgz 996ms (cache miss)
655 http fetch GET 200 https://registry.npmjs.org/sonner/-/sonner-1.5.0.tgz 1002ms (cache miss)
656 http fetch GET 200 https://registry.npmjs.org/yaml/-/yaml-2.6.0.tgz 1029ms (cache miss)
657 http fetch GET 200 https://registry.npmjs.org/semver/-/semver-7.6.3.tgz 1029ms (cache miss)
658 http fetch GET 200 https://registry.npmjs.org/victory-vendor/-/victory-vendor-36.9.2.tgz 1050ms (cache miss)
659 http fetch GET 200 https://registry.npmjs.org/reusify/-/reusify-1.0.4.tgz 1057ms (cache miss)
660 http fetch GET 200 https://registry.npmjs.org/resolve-from/-/resolve-from-4.0.0.tgz 1059ms (cache miss)
661 http fetch GET 200 https://registry.npmjs.org/scheduler/-/scheduler-0.23.2.tgz 1065ms (cache miss)
662 http fetch GET 200 https://registry.npmjs.org/read-cache/-/read-cache-1.0.0.tgz 1090ms (cache miss)
663 http fetch GET 200 https://registry.npmjs.org/readdirp/-/readdirp-3.6.0.tgz 1093ms (cache miss)
664 http fetch GET 200 https://registry.npmjs.org/regenerator-runtime/-/regenerator-runtime-0.14.1.tgz 1093ms (cache miss)
665 http fetch GET 200 https://registry.npmjs.org/sucrase/-/sucrase-3.35.0.tgz 1108ms (cache miss)
666 http fetch GET 200 https://registry.npmjs.org/resolve/-/resolve-1.22.8.tgz 1120ms (cache miss)
667 http fetch GET 200 https://registry.npmjs.org/recharts-scale/-/recharts-scale-0.4.5.tgz 1117ms (cache miss)
668 http fetch GET 200 https://registry.npmjs.org/readable-stream/-/readable-stream-3.6.2.tgz 1124ms (cache miss)
669 http fetch GET 200 https://registry.npmjs.org/react-transition-group/-/react-transition-group-4.4.5.tgz 1126ms (cache miss)
670 http fetch GET 200 https://registry.npmjs.org/react-is/-/react-is-18.3.1.tgz 1140ms (cache miss)
671 http fetch GET 200 https://registry.npmjs.org/react-style-singleton/-/react-style-singleton-2.2.1.tgz 1148ms (cache miss)
672 http fetch GET 200 https://registry.npmjs.org/react-remove-scroll-bar/-/react-remove-scroll-bar-2.3.6.tgz 1161ms (cache miss)
673 http fetch GET 200 https://registry.npmjs.org/react-remove-scroll/-/react-remove-scroll-2.6.0.tgz 1162ms (cache miss)
674 http fetch GET 200 https://registry.npmjs.org/string-width/-/string-width-5.1.2.tgz 1172ms (cache miss)
675 http fetch GET 200 https://registry.npmjs.org/tailwindcss/-/tailwindcss-3.4.17.tgz 1187ms (cache miss)
676 http fetch GET 200 https://registry.npmjs.org/react-router-dom/-/react-router-dom-6.27.0.tgz 1177ms (cache miss)
677 http fetch GET 200 https://registry.npmjs.org/react-smooth/-/react-smooth-4.0.1.tgz 1181ms (cache miss)
678 http fetch GET 200 https://registry.npmjs.org/rc/-/rc-1.2.8.tgz 1245ms (cache miss)
679 http fetch GET 200 https://registry.npmjs.org/punycode/-/punycode-2.3.1.tgz 1254ms (cache miss)
680 http fetch GET 200 https://registry.npmjs.org/queue-microtask/-/queue-microtask-1.2.3.tgz 1257ms (cache miss)
681 http fetch GET 200 https://registry.npmjs.org/rollup/-/rollup-4.24.0.tgz 1300ms (cache miss)
682 http fetch GET 200 https://registry.npmjs.org/prop-types/-/prop-types-15.8.1.tgz 1330ms (cache miss)
683 http fetch GET 200 https://registry.npmjs.org/postcss-js/-/postcss-js-4.0.1.tgz 1354ms (cache miss)
684 http fetch GET 200 https://registry.npmjs.org/postcss-load-config/-/postcss-load-config-4.0.2.tgz 1356ms (cache miss)
685 http fetch GET 200 https://registry.npmjs.org/postcss-import/-/postcss-import-15.1.0.tgz 1355ms (cache miss)
686 http fetch GET 200 https://registry.npmjs.org/react/-/react-18.3.1.tgz 1357ms (cache miss)
687 http fetch GET 200 https://registry.npmjs.org/prebuild-install/-/prebuild-install-7.1.3.tgz 1361ms (cache miss)
688 http fetch GET 200 https://registry.npmjs.org/postcss-selector-parser/-/postcss-selector-parser-6.1.2.tgz 1369ms (cache miss)
689 http fetch GET 200 https://registry.npmjs.org/prelude-ls/-/prelude-ls-1.2.1.tgz 1378ms (cache miss)
690 http fetch GET 200 https://registry.npmjs.org/react-router/-/react-router-6.27.0.tgz 1382ms (cache miss)
691 http fetch GET 200 https://registry.npmjs.org/postcss-value-parser/-/postcss-value-parser-4.2.0.tgz 1401ms (cache miss)
692 http fetch GET 200 https://registry.npmjs.org/pify/-/pify-2.3.0.tgz 1410ms (cache miss)
693 http fetch GET 200 https://registry.npmjs.org/react-resizable-panels/-/react-resizable-panels-2.1.5.tgz 1420ms (cache miss)
694 http fetch GET 200 https://registry.npmjs.org/pirates/-/pirates-4.0.6.tgz 1414ms (cache miss)
695 http fetch GET 200 https://registry.npmjs.org/pump/-/pump-3.0.2.tgz 1415ms (cache miss)
696 http fetch GET 200 https://registry.npmjs.org/postcss-nested/-/postcss-nested-6.2.0.tgz 1414ms (cache miss)
697 http fetch GET 200 https://registry.npmjs.org/typescript/-/typescript-5.6.3.tgz 1442ms (cache miss)
698 http fetch GET 200 https://registry.npmjs.org/postcss/-/postcss-8.4.47.tgz 1427ms (cache miss)
699 http fetch GET 200 https://registry.npmjs.org/package-json-from-dist/-/package-json-from-dist-1.0.1.tgz 1431ms (cache miss)
700 http fetch GET 200 https://registry.npmjs.org/path-parse/-/path-parse-1.0.7.tgz 1434ms (cache miss)
701 http fetch GET 200 https://registry.npmjs.org/path-key/-/path-key-3.1.1.tgz 1435ms (cache miss)
702 http fetch GET 200 https://registry.npmjs.org/p-limit/-/p-limit-3.1.0.tgz 1435ms (cache miss)
703 http fetch GET 200 https://registry.npmjs.org/picocolors/-/picocolors-1.1.1.tgz 1437ms (cache miss)
704 http fetch GET 200 https://registry.npmjs.org/react-hook-form/-/react-hook-form-7.53.1.tgz 1451ms (cache miss)
705 http fetch GET 200 https://registry.npmjs.org/once/-/once-1.4.0.tgz 1447ms (cache miss)
706 http fetch GET 200 https://registry.npmjs.org/path-scurry/-/path-scurry-1.11.1.tgz 1450ms (cache miss)
707 http fetch GET 200 https://registry.npmjs.org/react-day-picker/-/react-day-picker-8.10.1.tgz 1461ms (cache miss)
708 http fetch GET 200 https://registry.npmjs.org/object-hash/-/object-hash-3.0.0.tgz 1463ms (cache miss)
709 http fetch GET 200 https://registry.npmjs.org/normalize-range/-/normalize-range-0.1.2.tgz 1462ms (cache miss)
710 http fetch GET 200 https://registry.npmjs.org/path-exists/-/path-exists-4.0.0.tgz 1463ms (cache miss)
711 http fetch GET 200 https://registry.npmjs.org/object-assign/-/object-assign-4.1.1.tgz 1464ms (cache miss)
712 http fetch GET 200 https://registry.npmjs.org/react-dom/-/react-dom-18.3.1.tgz 1509ms (cache miss)
713 http fetch GET 200 https://registry.npmjs.org/node-releases/-/node-releases-2.0.18.tgz 1502ms (cache miss)
714 http fetch GET 200 https://registry.npmjs.org/p-locate/-/p-locate-5.0.0.tgz 1510ms (cache miss)
715 http fetch GET 200 https://registry.npmjs.org/natural-compare/-/natural-compare-1.4.0.tgz 1509ms (cache miss)
716 http fetch GET 200 https://registry.npmjs.org/node-abi/-/node-abi-3.74.0.tgz 1521ms (cache miss)
717 http fetch GET 200 https://registry.npmjs.org/normalize-path/-/normalize-path-3.0.0.tgz 1522ms (cache miss)
718 http fetch GET 200 https://registry.npmjs.org/napi-build-utils/-/napi-build-utils-2.0.0.tgz 1520ms (cache miss)
719 http fetch GET 200 https://registry.npmjs.org/next-themes/-/next-themes-0.3.0.tgz 1522ms (cache miss)
720 http fetch GET 200 https://registry.npmjs.org/mz/-/mz-2.7.0.tgz 1521ms (cache miss)
721 http fetch GET 200 https://registry.npmjs.org/nanoid/-/nanoid-3.3.7.tgz 1521ms (cache miss)
722 http fetch GET 200 https://registry.npmjs.org/node-addon-api/-/node-addon-api-7.1.1.tgz 1526ms (cache miss)
723 http fetch GET 200 https://registry.npmjs.org/picomatch/-/picomatch-2.3.1.tgz 1525ms (cache miss)
724 http fetch GET 200 https://registry.npmjs.org/recharts/-/recharts-2.13.0.tgz 1616ms (cache miss)
725 http fetch GET 200 https://registry.npmjs.org/ms/-/ms-2.1.3.tgz 1598ms (cache miss)
726 http fetch GET 200 https://registry.npmjs.org/mkdirp-classic/-/mkdirp-classic-0.5.3.tgz 1609ms (cache miss)
727 http fetch GET 200 https://registry.npmjs.org/mimic-response/-/mimic-response-3.1.0.tgz 1619ms (cache miss)
728 http fetch GET 200 https://registry.npmjs.org/micromatch/-/micromatch-4.0.8.tgz 1621ms (cache miss)
729 http fetch GET 200 https://registry.npmjs.org/loose-envify/-/loose-envify-1.4.0.tgz 1622ms (cache miss)
730 http fetch GET 200 https://registry.npmjs.org/lovable-tagger/-/lovable-tagger-1.1.7.tgz 1622ms (cache miss)
731 http fetch GET 200 https://registry.npmjs.org/merge2/-/merge2-1.4.1.tgz 1622ms (cache miss)
732 http fetch GET 200 https://registry.npmjs.org/minimist/-/minimist-1.2.8.tgz 1625ms (cache miss)
733 http fetch GET 200 https://registry.npmjs.org/minipass/-/minipass-7.1.2.tgz 1630ms (cache miss)
734 http fetch GET 200 https://registry.npmjs.org/magic-string/-/magic-string-0.30.12.tgz 1628ms (cache miss)
735 http fetch GET 200 https://registry.npmjs.org/lru-cache/-/lru-cache-10.4.3.tgz 1633ms (cache miss)
736 http fetch GET 200 https://registry.npmjs.org/parent-module/-/parent-module-1.0.1.tgz 1676ms (cache miss)
737 http fetch GET 200 https://registry.npmjs.org/levn/-/levn-0.4.1.tgz 1708ms (cache miss)
738 http fetch GET 200 https://registry.npmjs.org/lines-and-columns/-/lines-and-columns-1.2.4.tgz 1713ms (cache miss)
739 http fetch GET 200 https://registry.npmjs.org/json-schema-traverse/-/json-schema-traverse-0.4.1.tgz 1710ms (cache miss)
740 http fetch GET 200 https://registry.npmjs.org/lodash.isplainobject/-/lodash.isplainobject-4.0.6.tgz 1714ms (cache miss)
741 http fetch GET 200 https://registry.npmjs.org/lilconfig/-/lilconfig-3.1.3.tgz 1712ms (cache miss)
742 http fetch GET 200 https://registry.npmjs.org/lodash.castarray/-/lodash.castarray-4.4.0.tgz 1715ms (cache miss)
743 http fetch GET 200 https://registry.npmjs.org/optionator/-/optionator-0.9.4.tgz 1725ms (cache miss)
744 http fetch GET 200 https://registry.npmjs.org/keyv/-/keyv-4.5.4.tgz 1708ms (cache miss)
745 http fetch GET 200 https://registry.npmjs.org/lodash.merge/-/lodash.merge-4.6.2.tgz 1717ms (cache miss)
746 http fetch GET 200 https://registry.npmjs.org/locate-path/-/locate-path-6.0.0.tgz 1716ms (cache miss)
747 http fetch GET 200 https://registry.npmjs.org/json-stable-stringify-without-jsonify/-/json-stable-stringify-without-jsonify-1.0.1.tgz 1711ms (cache miss)
748 http fetch GET 200 https://registry.npmjs.org/minimatch/-/minimatch-3.1.2.tgz 1710ms (cache miss)
749 http fetch GET 200 https://registry.npmjs.org/is-core-module/-/is-core-module-2.15.1.tgz 1867ms (cache miss)
750 http fetch GET 200 https://registry.npmjs.org/is-glob/-/is-glob-4.0.3.tgz 1873ms (cache miss)
751 http fetch GET 200 https://registry.npmjs.org/invariant/-/invariant-2.2.4.tgz 1875ms (cache miss)
752 http fetch GET 200 https://registry.npmjs.org/is-fullwidth-code-point/-/is-fullwidth-code-point-3.0.0.tgz 1879ms (cache miss)
753 http fetch GET 200 https://registry.npmjs.org/is-extglob/-/is-extglob-2.1.1.tgz 1883ms (cache miss)
754 http fetch GET 200 https://registry.npmjs.org/is-number/-/is-number-7.0.0.tgz 1876ms (cache miss)
755 http fetch GET 200 https://registry.npmjs.org/input-otp/-/input-otp-1.2.4.tgz 1877ms (cache miss)
756 http fetch GET 200 https://registry.npmjs.org/js-tokens/-/js-tokens-4.0.0.tgz 1895ms (cache miss)
757 http fetch GET 200 https://registry.npmjs.org/isexe/-/isexe-2.0.0.tgz 1896ms (cache miss)
758 http fetch GET 200 https://registry.npmjs.org/json-buffer/-/json-buffer-3.0.1.tgz 1897ms (cache miss)
759 http fetch GET 200 https://registry.npmjs.org/is-binary-path/-/is-binary-path-2.1.0.tgz 1891ms (cache miss)
760 http fetch GET 200 https://registry.npmjs.org/internmap/-/internmap-2.0.3.tgz 1889ms (cache miss)
761 http fetch GET 200 https://registry.npmjs.org/js-yaml/-/js-yaml-4.1.0.tgz 1900ms (cache miss)
762 http fetch GET 200 https://registry.npmjs.org/jiti/-/jiti-1.21.6.tgz 1925ms (cache miss)
763 http fetch GET 200 https://registry.npmjs.org/lodash/-/lodash-4.17.21.tgz 1959ms (cache miss)
764 http fetch GET 200 https://registry.npmjs.org/has-flag/-/has-flag-4.0.0.tgz 2009ms (cache miss)
765 http fetch GET 200 https://registry.npmjs.org/ieee754/-/ieee754-1.2.1.tgz 2011ms (cache miss)
766 http fetch GET 200 https://registry.npmjs.org/ini/-/ini-1.3.8.tgz 2013ms (cache miss)
767 http fetch GET 200 https://registry.npmjs.org/inherits/-/inherits-2.0.4.tgz 2021ms (cache miss)
768 http fetch GET 200 https://registry.npmjs.org/imurmurhash/-/imurmurhash-0.1.4.tgz 2020ms (cache miss)
769 http fetch GET 200 https://registry.npmjs.org/import-fresh/-/import-fresh-3.3.0.tgz 2020ms (cache miss)
770 http fetch GET 200 https://registry.npmjs.org/hasown/-/hasown-2.0.2.tgz 2020ms (cache miss)
771 http fetch GET 200 https://registry.npmjs.org/ignore/-/ignore-5.3.2.tgz 2041ms (cache miss)
772 http fetch GET 200 https://registry.npmjs.org/jackspeak/-/jackspeak-3.4.3.tgz 2058ms (cache miss)
773 http fetch GET 200 https://registry.npmjs.org/get-nonce/-/get-nonce-1.0.1.tgz 2063ms (cache miss)
774 http fetch GET 200 https://registry.npmjs.org/github-from-package/-/github-from-package-0.0.0.tgz 2067ms (cache miss)
775 http fetch GET 200 https://registry.npmjs.org/glob-parent/-/glob-parent-6.0.2.tgz 2068ms (cache miss)
776 http fetch GET 200 https://registry.npmjs.org/globals/-/globals-15.11.0.tgz 2069ms (cache miss)
777 http fetch GET 200 https://registry.npmjs.org/fs-constants/-/fs-constants-1.0.0.tgz 2070ms (cache miss)
778 http fetch GET 200 https://registry.npmjs.org/fsevents/-/fsevents-2.3.3.tgz 2083ms (cache miss)
779 http fetch GET 200 https://registry.npmjs.org/flatted/-/flatted-3.3.1.tgz 2087ms (cache miss)
780 http fetch GET 200 https://registry.npmjs.org/file-entry-cache/-/file-entry-cache-8.0.0.tgz 2087ms (cache miss)
781 http fetch GET 200 https://registry.npmjs.org/flat-cache/-/flat-cache-4.0.1.tgz 2087ms (cache miss)
782 http fetch GET 200 https://registry.npmjs.org/glob/-/glob-10.4.5.tgz 2105ms (cache miss)
783 http fetch GET 200 https://registry.npmjs.org/foreground-child/-/foreground-child-3.3.0.tgz 2104ms (cache miss)
784 http fetch GET 200 https://registry.npmjs.org/graphemer/-/graphemer-1.4.0.tgz 2107ms (cache miss)
785 http fetch GET 200 https://registry.npmjs.org/fast-levenshtein/-/fast-levenshtein-2.0.6.tgz 2126ms (cache miss)
786 http fetch GET 200 https://registry.npmjs.org/expand-template/-/expand-template-2.0.3.tgz 2124ms (cache miss)
787 http fetch GET 200 https://registry.npmjs.org/find-up/-/find-up-5.0.0.tgz 2136ms (cache miss)
788 http fetch GET 200 https://registry.npmjs.org/fastq/-/fastq-1.17.1.tgz 2136ms (cache miss)
789 http fetch GET 200 https://registry.npmjs.org/fraction.js/-/fraction.js-4.3.7.tgz 2168ms (cache miss)
790 http fetch GET 200 https://registry.npmjs.org/function-bind/-/function-bind-1.1.2.tgz 2166ms (cache miss)
791 http fetch GET 200 https://registry.npmjs.org/eventemitter3/-/eventemitter3-4.0.7.tgz 2166ms (cache miss)
792 http fetch GET 200 https://registry.npmjs.org/estree-walker/-/estree-walker-3.0.3.tgz 2165ms (cache miss)
793 http fetch GET 200 https://registry.npmjs.org/fast-deep-equal/-/fast-deep-equal-3.1.3.tgz 2166ms (cache miss)
794 http fetch GET 200 https://registry.npmjs.org/esutils/-/esutils-2.0.3.tgz 2166ms (cache miss)
795 http fetch GET 200 https://registry.npmjs.org/fast-json-stable-stringify/-/fast-json-stable-stringify-2.1.0.tgz 2169ms (cache miss)
796 http fetch GET 200 https://registry.npmjs.org/estraverse/-/estraverse-5.3.0.tgz 2167ms (cache miss)
797 http fetch GET 200 https://registry.npmjs.org/fast-glob/-/fast-glob-3.3.2.tgz 2176ms (cache miss)
798 http fetch GET 200 https://registry.npmjs.org/fast-equals/-/fast-equals-5.0.1.tgz 2184ms (cache miss)
799 http fetch GET 200 https://registry.npmjs.org/espree/-/espree-10.2.0.tgz 2198ms (cache miss)
800 http fetch GET 200 https://registry.npmjs.org/eslint-visitor-keys/-/eslint-visitor-keys-4.1.0.tgz 2197ms (cache miss)
801 http fetch GET 200 https://registry.npmjs.org/escalade/-/escalade-3.2.0.tgz 2208ms (cache miss)
802 http fetch GET 200 https://registry.npmjs.org/esrecurse/-/esrecurse-4.3.0.tgz 2211ms (cache miss)
803 http fetch GET 200 https://registry.npmjs.org/eslint-plugin-react-refresh/-/eslint-plugin-react-refresh-0.4.14.tgz 2209ms (cache miss)
804 http fetch GET 200 https://registry.npmjs.org/end-of-stream/-/end-of-stream-1.4.4.tgz 2209ms (cache miss)
805 http fetch GET 200 https://registry.npmjs.org/eslint-plugin-react-hooks/-/eslint-plugin-react-hooks-5.1.0-rc-fb9a90fa48-20240614.tgz 2211ms (cache miss)
806 http fetch GET 200 https://registry.npmjs.org/escape-string-regexp/-/escape-string-regexp-4.0.0.tgz 2219ms (cache miss)
807 http fetch GET 200 https://registry.npmjs.org/emoji-regex/-/emoji-regex-9.2.2.tgz 2229ms (cache miss)
808 http fetch GET 200 https://registry.npmjs.org/eslint-scope/-/eslint-scope-8.1.0.tgz 2236ms (cache miss)
809 http fetch GET 200 https://registry.npmjs.org/electron-to-chromium/-/electron-to-chromium-1.5.45.tgz 2232ms (cache miss)
810 http fetch GET 200 https://registry.npmjs.org/esbuild/-/esbuild-0.21.5.tgz 2240ms (cache miss)
811 http fetch GET 200 https://registry.npmjs.org/esquery/-/esquery-1.6.0.tgz 2258ms (cache miss)
812 http fetch GET 200 https://registry.npmjs.org/eastasianwidth/-/eastasianwidth-0.2.0.tgz 2317ms (cache miss)
813 http fetch GET 200 https://registry.npmjs.org/d3-time/-/d3-time-3.1.0.tgz 2317ms (cache miss)
814 http fetch GET 200 https://registry.npmjs.org/decompress-response/-/decompress-response-6.0.0.tgz 2319ms (cache miss)
815 http fetch GET 200 https://registry.npmjs.org/dlv/-/dlv-1.1.3.tgz 2322ms (cache miss)
816 http fetch GET 200 https://registry.npmjs.org/detect-node-es/-/detect-node-es-1.1.0.tgz 2324ms (cache miss)
817 http fetch GET 200 https://registry.npmjs.org/deep-is/-/deep-is-0.1.4.tgz 2323ms (cache miss)
818 http fetch GET 200 https://registry.npmjs.org/didyoumean/-/didyoumean-1.2.2.tgz 2324ms (cache miss)
819 http fetch GET 200 https://registry.npmjs.org/detect-libc/-/detect-libc-2.0.3.tgz 2324ms (cache miss)
820 http fetch GET 200 https://registry.npmjs.org/embla-carousel-react/-/embla-carousel-react-8.3.0.tgz 2331ms (cache miss)
821 http fetch GET 200 https://registry.npmjs.org/embla-carousel-reactive-utils/-/embla-carousel-reactive-utils-8.3.0.tgz 2336ms (cache miss)
822 http fetch GET 200 https://registry.npmjs.org/debug/-/debug-4.3.7.tgz 2331ms (cache miss)
823 http fetch GET 200 https://registry.npmjs.org/decimal.js-light/-/decimal.js-light-2.5.1.tgz 2335ms (cache miss)
824 http fetch GET 200 https://registry.npmjs.org/eslint/-/eslint-9.13.0.tgz 2374ms (cache miss)
825 http fetch GET 200 https://registry.npmjs.org/embla-carousel/-/embla-carousel-8.3.0.tgz 2383ms (cache miss)
826 http fetch GET 200 https://registry.npmjs.org/deep-extend/-/deep-extend-0.6.0.tgz 2378ms (cache miss)
827 http fetch GET 200 https://registry.npmjs.org/d3-timer/-/d3-timer-3.0.1.tgz 2379ms (cache miss)
828 http fetch GET 200 https://registry.npmjs.org/fill-range/-/fill-range-7.1.1.tgz 2402ms (cache miss)
829 http fetch GET 200 https://registry.npmjs.org/cssesc/-/cssesc-3.0.0.tgz 2418ms (cache miss)
830 http fetch GET 200 https://registry.npmjs.org/d3-path/-/d3-path-3.1.0.tgz 2422ms (cache miss)
831 http fetch GET 200 https://registry.npmjs.org/d3-format/-/d3-format-3.1.0.tgz 2424ms (cache miss)
832 http fetch GET 200 https://registry.npmjs.org/d3-color/-/d3-color-3.1.0.tgz 2424ms (cache miss)
833 http fetch GET 200 https://registry.npmjs.org/cross-spawn/-/cross-spawn-7.0.6.tgz 2424ms (cache miss)
834 http fetch GET 200 https://registry.npmjs.org/d3-interpolate/-/d3-interpolate-3.0.1.tgz 2438ms (cache miss)
835 http fetch GET 200 https://registry.npmjs.org/d3-scale/-/d3-scale-4.0.2.tgz 2447ms (cache miss)
836 http fetch GET 200 https://registry.npmjs.org/d3-shape/-/d3-shape-3.2.0.tgz 2451ms (cache miss)
837 http fetch GET 200 https://registry.npmjs.org/d3-time-format/-/d3-time-format-4.1.0.tgz 2452ms (cache miss)
838 http fetch GET 200 https://registry.npmjs.org/commander/-/commander-4.1.1.tgz 2449ms (cache miss)
839 http fetch GET 200 https://registry.npmjs.org/d3-array/-/d3-array-3.2.4.tgz 2456ms (cache miss)
840 http fetch GET 200 https://registry.npmjs.org/color-convert/-/color-convert-2.0.1.tgz 2475ms (cache miss)
841 http fetch GET 200 https://registry.npmjs.org/clsx/-/clsx-2.1.1.tgz 2475ms (cache miss)
842 http fetch GET 200 https://registry.npmjs.org/concat-map/-/concat-map-0.0.1.tgz 2475ms (cache miss)
843 http fetch GET 200 https://registry.npmjs.org/chownr/-/chownr-1.1.4.tgz 2475ms (cache miss)
844 http fetch GET 200 https://registry.npmjs.org/color-name/-/color-name-1.1.4.tgz 2468ms (cache miss)
845 http fetch GET 200 https://registry.npmjs.org/d3-ease/-/d3-ease-3.0.1.tgz 2476ms (cache miss)
846 http fetch GET 200 https://registry.npmjs.org/chalk/-/chalk-4.1.2.tgz 2471ms (cache miss)
847 http fetch GET 200 https://registry.npmjs.org/class-variance-authority/-/class-variance-authority-0.7.1.tgz 2478ms (cache miss)
848 http fetch GET 200 https://registry.npmjs.org/csstype/-/csstype-3.1.3.tgz 2482ms (cache miss)
849 http fetch GET 200 https://registry.npmjs.org/brace-expansion/-/brace-expansion-1.1.11.tgz 2474ms (cache miss)
850 http fetch GET 200 https://registry.npmjs.org/buffer/-/buffer-5.7.1.tgz 2473ms (cache miss)
851 http fetch GET 200 https://registry.npmjs.org/chokidar/-/chokidar-3.6.0.tgz 2474ms (cache miss)
852 http fetch GET 200 https://registry.npmjs.org/cmdk/-/cmdk-1.0.0.tgz 2478ms (cache miss)
853 http fetch GET 200 https://registry.npmjs.org/camelcase-css/-/camelcase-css-2.0.1.tgz 2474ms (cache miss)
854 http fetch GET 200 https://registry.npmjs.org/dom-helpers/-/dom-helpers-5.2.1.tgz 2502ms (cache miss)
855 http fetch GET 200 https://registry.npmjs.org/lucide-react/-/lucide-react-0.462.0.tgz 2579ms (cache miss)
856 http fetch GET 200 https://registry.npmjs.org/callsites/-/callsites-3.1.0.tgz 2545ms (cache miss)
857 http fetch GET 200 https://registry.npmjs.org/browserslist/-/browserslist-4.24.2.tgz 2557ms (cache miss)
858 http fetch GET 200 https://registry.npmjs.org/anymatch/-/anymatch-3.1.3.tgz 2555ms (cache miss)
859 http fetch GET 200 https://registry.npmjs.org/binary-extensions/-/binary-extensions-2.3.0.tgz 2558ms (cache miss)
860 http fetch GET 200 https://registry.npmjs.org/ansi-styles/-/ansi-styles-4.3.0.tgz 2556ms (cache miss)
861 http fetch GET 200 https://registry.npmjs.org/bl/-/bl-4.1.0.tgz 2561ms (cache miss)
862 http fetch GET 200 https://registry.npmjs.org/balanced-match/-/balanced-match-1.0.2.tgz 2566ms (cache miss)
863 http fetch GET 200 https://registry.npmjs.org/argparse/-/argparse-2.0.1.tgz 2571ms (cache miss)
864 http fetch GET 200 https://registry.npmjs.org/arg/-/arg-5.0.2.tgz 2571ms (cache miss)
865 http fetch GET 200 https://registry.npmjs.org/base64-js/-/base64-js-1.5.1.tgz 2572ms (cache miss)
866 http fetch GET 200 https://registry.npmjs.org/any-promise/-/any-promise-1.3.0.tgz 2573ms (cache miss)
867 http fetch GET 200 https://registry.npmjs.org/autoprefixer/-/autoprefixer-10.4.20.tgz 2586ms (cache miss)
868 http fetch GET 200 https://registry.npmjs.org/canvas/-/canvas-3.1.0.tgz 2598ms (cache miss)
869 http fetch GET 200 https://registry.npmjs.org/aria-hidden/-/aria-hidden-1.2.4.tgz 2612ms (cache miss)
870 http fetch GET 200 https://registry.npmjs.org/ansi-regex/-/ansi-regex-6.1.0.tgz 2612ms (cache miss)
871 http fetch GET 200 https://registry.npmjs.org/braces/-/braces-3.0.3.tgz 2612ms (cache miss)
872 http fetch GET 200 https://registry.npmjs.org/acorn-jsx/-/acorn-jsx-5.3.2.tgz 2613ms (cache miss)
873 http fetch GET 200 https://registry.npmjs.org/acorn/-/acorn-8.13.0.tgz 2623ms (cache miss)
874 http fetch GET 200 https://registry.npmjs.org/@types/json-schema/-/json-schema-7.0.15.tgz 2663ms (cache miss)
875 http fetch GET 200 https://registry.npmjs.org/ajv/-/ajv-6.12.6.tgz 2674ms (cache miss)
876 http fetch GET 200 https://registry.npmjs.org/@types/node/-/node-22.7.9.tgz 2795ms (cache miss)
877 http fetch GET 200 https://registry.npmjs.org/@types/d3-timer/-/d3-timer-3.0.2.tgz 2809ms (cache miss)
878 http fetch GET 200 https://registry.npmjs.org/@typescript-eslint/parser/-/parser-8.11.0.tgz 2876ms (cache miss)
879 http fetch GET 200 https://registry.npmjs.org/caniuse-lite/-/caniuse-lite-1.0.30001669.tgz 2886ms (cache miss)
880 http fetch GET 200 https://registry.npmjs.org/@vitejs/plugin-react-swc/-/plugin-react-swc-3.7.1.tgz 2919ms (cache miss)
881 http fetch GET 200 https://registry.npmjs.org/@types/react-dom/-/react-dom-18.3.1.tgz 2919ms (cache miss)
882 http fetch GET 200 https://registry.npmjs.org/@types/prop-types/-/prop-types-15.7.13.tgz 2920ms (cache miss)
883 http fetch GET 200 https://registry.npmjs.org/@typescript-eslint/visitor-keys/-/visitor-keys-8.11.0.tgz 2922ms (cache miss)
884 http fetch GET 200 https://registry.npmjs.org/@typescript-eslint/types/-/types-8.11.0.tgz 2925ms (cache miss)
885 http fetch GET 200 https://registry.npmjs.org/@types/react/-/react-18.3.12.tgz 2940ms (cache miss)
886 http fetch GET 200 https://registry.npmjs.org/@typescript-eslint/type-utils/-/type-utils-8.11.0.tgz 2951ms (cache miss)
887 http fetch GET 200 https://registry.npmjs.org/@types/d3-array/-/d3-array-3.2.1.tgz 2958ms (cache miss)
888 http fetch GET 200 https://registry.npmjs.org/@types/d3-color/-/d3-color-3.1.3.tgz 2959ms (cache miss)
889 http fetch GET 200 https://registry.npmjs.org/@types/d3-interpolate/-/d3-interpolate-3.0.4.tgz 2959ms (cache miss)
890 http fetch GET 200 https://registry.npmjs.org/@types/estree/-/estree-1.0.6.tgz 2981ms (cache miss)
891 http fetch GET 200 https://registry.npmjs.org/@typescript-eslint/typescript-estree/-/typescript-estree-8.11.0.tgz 2992ms (cache miss)
892 http fetch GET 200 https://registry.npmjs.org/@typescript-eslint/utils/-/utils-8.11.0.tgz 2994ms (cache miss)
893 http fetch GET 200 https://registry.npmjs.org/@swc/counter/-/counter-0.1.3.tgz 2999ms (cache miss)
894 http fetch GET 200 https://registry.npmjs.org/@types/d3-time/-/d3-time-3.0.3.tgz 3009ms (cache miss)
895 http fetch GET 200 https://registry.npmjs.org/@typescript-eslint/eslint-plugin/-/eslint-plugin-8.11.0.tgz 3022ms (cache miss)
896 http fetch GET 200 https://registry.npmjs.org/@types/d3-ease/-/d3-ease-3.0.2.tgz 3035ms (cache miss)
897 http fetch GET 200 https://registry.npmjs.org/@radix-ui/rect/-/rect-1.1.0.tgz 3047ms (cache miss)
898 http fetch GET 200 https://registry.npmjs.org/@radix-ui/react-visually-hidden/-/react-visually-hidden-1.1.0.tgz 3088ms (cache miss)
899 http fetch GET 200 https://registry.npmjs.org/@tanstack/react-query/-/react-query-5.59.16.tgz 3096ms (cache miss)
900 http fetch GET 200 https://registry.npmjs.org/@types/d3-shape/-/d3-shape-3.1.6.tgz 3182ms (cache miss)
901 http fetch GET 200 https://registry.npmjs.org/@tailwindcss/typography/-/typography-0.5.15.tgz 3189ms (cache miss)
902 http fetch GET 200 https://registry.npmjs.org/@types/d3-path/-/d3-path-3.1.0.tgz 3230ms (cache miss)
903 http fetch GET 200 https://registry.npmjs.org/@types/d3-scale/-/d3-scale-4.0.8.tgz 3231ms (cache miss)
904 http fetch GET 200 https://registry.npmjs.org/@swc/types/-/types-0.1.13.tgz 3227ms (cache miss)
905 http fetch GET 200 https://registry.npmjs.org/@swc/core/-/core-1.7.39.tgz 3294ms (cache miss)
906 http fetch GET 200 https://registry.npmjs.org/@typescript-eslint/scope-manager/-/scope-manager-8.11.0.tgz 3312ms (cache miss)
907 http fetch GET 200 https://registry.npmjs.org/@tanstack/query-core/-/query-core-5.59.16.tgz 3316ms (cache miss)
908 http fetch GET 200 https://registry.npmjs.org/@radix-ui/react-toggle-group/-/react-toggle-group-1.1.0.tgz 3384ms (cache miss)
909 http fetch GET 200 https://registry.npmjs.org/@radix-ui/react-use-rect/-/react-use-rect-1.1.0.tgz 3490ms (cache miss)
910 http fetch GET 200 https://registry.npmjs.org/@radix-ui/react-use-size/-/react-use-size-1.1.0.tgz 3536ms (cache miss)
911 http fetch GET 200 https://registry.npmjs.org/@radix-ui/react-use-previous/-/react-use-previous-1.1.0.tgz 3562ms (cache miss)
912 http fetch GET 200 https://registry.npmjs.org/@radix-ui/react-use-escape-keydown/-/react-use-escape-keydown-1.1.0.tgz 3629ms (cache miss)
913 http fetch GET 200 https://registry.npmjs.org/@remix-run/router/-/router-1.20.0.tgz 3668ms (cache miss)
914 http fetch GET 200 https://registry.npmjs.org/@radix-ui/react-toast/-/react-toast-1.2.2.tgz 3706ms (cache miss)
915 http fetch GET 200 https://registry.npmjs.org/@radix-ui/react-use-callback-ref/-/react-use-callback-ref-1.1.0.tgz 3753ms (cache miss)
916 http fetch GET 200 https://registry.npmjs.org/@radix-ui/react-use-controllable-state/-/react-use-controllable-state-1.1.0.tgz 3755ms (cache miss)
917 http fetch GET 200 https://registry.npmjs.org/@radix-ui/react-tooltip/-/react-tooltip-1.1.4.tgz 3753ms (cache miss)
918 http fetch GET 200 https://registry.npmjs.org/@radix-ui/react-switch/-/react-switch-1.1.1.tgz 3776ms (cache miss)
919 http fetch GET 200 https://registry.npmjs.org/@radix-ui/react-toggle/-/react-toggle-1.1.0.tgz 3782ms (cache miss)
920 http fetch GET 200 https://registry.npmjs.org/@radix-ui/react-use-layout-effect/-/react-use-layout-effect-1.1.0.tgz 3808ms (cache miss)
921 http fetch GET 200 https://registry.npmjs.org/@radix-ui/react-radio-group/-/react-radio-group-1.2.1.tgz 3816ms (cache miss)
922 http fetch GET 200 https://registry.npmjs.org/@radix-ui/react-slider/-/react-slider-1.2.1.tgz 3924ms (cache miss)
923 http fetch GET 200 https://registry.npmjs.org/@radix-ui/react-select/-/react-select-2.1.2.tgz 4017ms (cache miss)
924 http fetch GET 200 https://registry.npmjs.org/@radix-ui/react-tabs/-/react-tabs-1.1.1.tgz 4017ms (cache miss)
925 http fetch GET 200 https://registry.npmjs.org/@radix-ui/react-presence/-/react-presence-1.1.1.tgz 4224ms (cache miss)
926 http fetch GET 200 https://registry.npmjs.org/@radix-ui/react-separator/-/react-separator-1.1.0.tgz 4247ms (cache miss)
927 http fetch GET 200 https://registry.npmjs.org/@radix-ui/react-slot/-/react-slot-1.1.0.tgz 4294ms (cache miss)
928 http fetch GET 200 https://registry.npmjs.org/@radix-ui/react-roving-focus/-/react-roving-focus-1.1.0.tgz 4296ms (cache miss)
929 http fetch GET 200 https://registry.npmjs.org/@radix-ui/react-primitive/-/react-primitive-2.0.0.tgz 4295ms (cache miss)
930 http fetch GET 200 https://registry.npmjs.org/@radix-ui/react-popper/-/react-popper-1.2.0.tgz 4296ms (cache miss)
931 http fetch GET 200 https://registry.npmjs.org/@radix-ui/react-portal/-/react-portal-1.1.2.tgz 4295ms (cache miss)
932 http fetch GET 200 https://registry.npmjs.org/@radix-ui/react-progress/-/react-progress-1.1.0.tgz 4296ms (cache miss)
933 http fetch GET 200 https://registry.npmjs.org/@radix-ui/react-menu/-/react-menu-2.1.2.tgz 4296ms (cache miss)
934 http fetch GET 200 https://registry.npmjs.org/@radix-ui/react-popover/-/react-popover-1.1.2.tgz 4316ms (cache miss)
935 http fetch GET 200 https://registry.npmjs.org/@radix-ui/react-menubar/-/react-menubar-1.1.2.tgz 4349ms (cache miss)
936 http fetch GET 200 https://registry.npmjs.org/@radix-ui/react-navigation-menu/-/react-navigation-menu-1.2.1.tgz 4359ms (cache miss)
937 http fetch GET 200 https://registry.npmjs.org/@radix-ui/react-focus-guards/-/react-focus-guards-1.1.1.tgz 4437ms (cache miss)
938 http fetch GET 200 https://registry.npmjs.org/@radix-ui/react-context/-/react-context-1.1.1.tgz 4437ms (cache miss)
939 http fetch GET 200 https://registry.npmjs.org/@rollup/rollup-darwin-arm64/-/rollup-darwin-arm64-4.24.0.tgz 4519ms (cache miss)
940 http fetch GET 200 https://registry.npmjs.org/@radix-ui/react-compose-refs/-/react-compose-refs-1.1.0.tgz 4514ms (cache miss)
941 http fetch GET 200 https://registry.npmjs.org/@radix-ui/react-id/-/react-id-1.1.0.tgz 4568ms (cache miss)
942 http fetch GET 200 https://registry.npmjs.org/@radix-ui/react-avatar/-/react-avatar-1.1.1.tgz 4613ms (cache miss)
943 http fetch GET 200 https://registry.npmjs.org/@radix-ui/react-context-menu/-/react-context-menu-2.2.2.tgz 4633ms (cache miss)
944 http fetch GET 200 https://registry.npmjs.org/@radix-ui/react-hover-card/-/react-hover-card-1.1.2.tgz 4651ms (cache miss)
945 http fetch GET 200 https://registry.npmjs.org/@radix-ui/react-direction/-/react-direction-1.1.0.tgz 4728ms (cache miss)
946 http fetch GET 200 https://registry.npmjs.org/@radix-ui/react-dialog/-/react-dialog-1.1.2.tgz 4728ms (cache miss)
947 http fetch GET 200 https://registry.npmjs.org/@radix-ui/react-focus-scope/-/react-focus-scope-1.1.0.tgz 4749ms (cache miss)
948 http fetch GET 200 https://registry.npmjs.org/@radix-ui/react-dismissable-layer/-/react-dismissable-layer-1.1.1.tgz 4778ms (cache miss)
949 http fetch GET 200 https://registry.npmjs.org/@radix-ui/react-dropdown-menu/-/react-dropdown-menu-2.1.2.tgz 4780ms (cache miss)
950 http fetch GET 200 https://registry.npmjs.org/@radix-ui/react-accordion/-/react-accordion-1.2.1.tgz 4887ms (cache miss)
951 http fetch GET 200 https://registry.npmjs.org/@radix-ui/react-label/-/react-label-2.1.0.tgz 4913ms (cache miss)
952 http fetch GET 200 https://registry.npmjs.org/@radix-ui/react-collection/-/react-collection-1.1.0.tgz 4987ms (cache miss)
953 http fetch GET 200 https://registry.npmjs.org/@nodelib/fs.walk/-/fs.walk-1.2.8.tgz 5000ms (cache miss)
954 http fetch GET 200 https://registry.npmjs.org/@radix-ui/primitive/-/primitive-1.1.0.tgz 5001ms (cache miss)
955 http fetch GET 200 https://registry.npmjs.org/@radix-ui/react-collapsible/-/react-collapsible-1.1.1.tgz 5005ms (cache miss)
956 http fetch GET 200 https://registry.npmjs.org/@radix-ui/react-checkbox/-/react-checkbox-1.1.2.tgz 5005ms (cache miss)
957 http fetch GET 200 https://registry.npmjs.org/@radix-ui/react-aspect-ratio/-/react-aspect-ratio-1.1.0.tgz 5004ms (cache miss)
958 http fetch GET 200 https://registry.npmjs.org/@radix-ui/react-arrow/-/react-arrow-1.1.0.tgz 5034ms (cache miss)
959 http fetch GET 200 https://registry.npmjs.org/@nodelib/fs.stat/-/fs.stat-2.0.5.tgz 5031ms (cache miss)
960 http fetch GET 200 https://registry.npmjs.org/@nodelib/fs.scandir/-/fs.scandir-2.1.5.tgz 5039ms (cache miss)
961 http fetch GET 200 https://registry.npmjs.org/@radix-ui/react-scroll-area/-/react-scroll-area-1.2.0.tgz 5042ms (cache miss)
962 http fetch GET 200 https://registry.npmjs.org/@jridgewell/gen-mapping/-/gen-mapping-0.3.5.tgz 5074ms (cache miss)
963 http fetch GET 200 https://registry.npmjs.org/@jridgewell/trace-mapping/-/trace-mapping-0.3.25.tgz 5076ms (cache miss)
964 http fetch GET 200 https://registry.npmjs.org/@isaacs/cliui/-/cliui-8.0.2.tgz 5076ms (cache miss)
965 http fetch GET 200 https://registry.npmjs.org/@humanwhocodes/retry/-/retry-0.3.1.tgz 5084ms (cache miss)
966 http fetch GET 200 https://registry.npmjs.org/@jridgewell/resolve-uri/-/resolve-uri-3.1.2.tgz 5118ms (cache miss)
967 http fetch GET 200 https://registry.npmjs.org/@humanwhocodes/module-importer/-/module-importer-1.0.1.tgz 5117ms (cache miss)
968 http fetch GET 200 https://registry.npmjs.org/@pkgjs/parseargs/-/parseargs-0.11.0.tgz 5121ms (cache miss)
969 http fetch GET 200 https://registry.npmjs.org/@floating-ui/utils/-/utils-0.2.8.tgz 5129ms (cache miss)
970 http fetch GET 200 https://registry.npmjs.org/@floating-ui/react-dom/-/react-dom-2.1.2.tgz 5133ms (cache miss)
971 http fetch GET 200 https://registry.npmjs.org/@radix-ui/react-alert-dialog/-/react-alert-dialog-1.1.2.tgz 5140ms (cache miss)
972 http fetch GET 200 https://registry.npmjs.org/@jridgewell/sourcemap-codec/-/sourcemap-codec-1.5.0.tgz 5212ms (cache miss)
973 http fetch GET 200 https://registry.npmjs.org/@eslint-community/eslint-utils/-/eslint-utils-4.4.0.tgz 5281ms (cache miss)
974 http fetch GET 200 https://registry.npmjs.org/@radix-ui/number/-/number-1.1.0.tgz 5310ms (cache miss)
975 http fetch GET 200 https://registry.npmjs.org/@humanfs/node/-/node-0.16.5.tgz 5349ms (cache miss)
976 http fetch GET 200 https://registry.npmjs.org/@humanfs/core/-/core-0.19.0.tgz 5365ms (cache miss)
977 http fetch GET 200 https://registry.npmjs.org/@floating-ui/dom/-/dom-1.6.11.tgz 5366ms (cache miss)
978 http fetch GET 200 https://registry.npmjs.org/date-fns/-/date-fns-3.6.0.tgz 5451ms (cache miss)
979 http fetch GET 200 https://registry.npmjs.org/@eslint/object-schema/-/object-schema-2.1.4.tgz 5420ms (cache miss)
980 http fetch GET 200 https://registry.npmjs.org/@eslint/js/-/js-9.13.0.tgz 5424ms (cache miss)
981 http fetch GET 200 https://registry.npmjs.org/@eslint/core/-/core-0.7.0.tgz 5437ms (cache miss)
982 http fetch GET 200 https://registry.npmjs.org/@eslint/plugin-kit/-/plugin-kit-0.2.3.tgz 5444ms (cache miss)
983 http fetch GET 200 https://registry.npmjs.org/@eslint/config-array/-/config-array-0.18.0.tgz 5453ms (cache miss)
984 http fetch GET 200 https://registry.npmjs.org/@floating-ui/core/-/core-1.6.8.tgz 5454ms (cache miss)
985 http fetch GET 200 https://registry.npmjs.org/@hookform/resolvers/-/resolvers-3.9.0.tgz 5458ms (cache miss)
986 http fetch GET 200 https://registry.npmjs.org/@jridgewell/set-array/-/set-array-1.2.1.tgz 5531ms (cache miss)
987 http fetch GET 200 https://registry.npmjs.org/@alloc/quick-lru/-/quick-lru-5.2.0.tgz 5575ms (cache miss)
988 http fetch GET 200 https://registry.npmjs.org/string-width/-/string-width-4.2.3.tgz 5644ms (cache miss)
989 http fetch GET 200 https://registry.npmjs.org/@eslint/eslintrc/-/eslintrc-3.1.0.tgz 5647ms (cache miss)
990 http fetch GET 200 https://registry.npmjs.org/ansi-styles/-/ansi-styles-6.2.1.tgz 5665ms (cache miss)
991 http fetch GET 200 https://registry.npmjs.org/ansi-regex/-/ansi-regex-5.0.1.tgz 5667ms (cache miss)
992 http fetch GET 200 https://registry.npmjs.org/ansi-regex/-/ansi-regex-5.0.1.tgz 5667ms (cache miss)
993 http fetch GET 200 https://registry.npmjs.org/@babel/helper-string-parser/-/helper-string-parser-7.25.9.tgz 5669ms (cache miss)
994 http fetch GET 200 https://registry.npmjs.org/strip-ansi/-/strip-ansi-6.0.1.tgz 5698ms (cache miss)
995 http fetch GET 200 https://registry.npmjs.org/@eslint-community/regexpp/-/regexpp-4.11.1.tgz 5733ms (cache miss)
996 http fetch GET 200 https://registry.npmjs.org/emoji-regex/-/emoji-regex-8.0.0.tgz 5731ms (cache miss)
997 http fetch GET 200 https://registry.npmjs.org/@babel/runtime/-/runtime-7.25.9.tgz 5744ms (cache miss)
998 http fetch GET 200 https://registry.npmjs.org/react-is/-/react-is-16.13.1.tgz 5751ms (cache miss)
999 http fetch GET 200 https://registry.npmjs.org/emoji-regex/-/emoji-regex-8.0.0.tgz 5754ms (cache miss)
1000 http fetch GET 200 https://registry.npmjs.org/@babel/parser/-/parser-7.25.9.tgz 5772ms (cache miss)
1001 http fetch GET 200 https://registry.npmjs.org/strip-ansi/-/strip-ansi-6.0.1.tgz 5800ms (cache miss)
1002 http fetch GET 200 https://registry.npmjs.org/@babel/types/-/types-7.25.9.tgz 5804ms (cache miss)
1003 http fetch GET 200 https://registry.npmjs.org/esbuild/-/esbuild-0.25.0.tgz 5809ms (cache miss)
1004 http fetch GET 200 https://registry.npmjs.org/minimatch/-/minimatch-9.0.5.tgz 5808ms (cache miss)
1005 http fetch GET 200 https://registry.npmjs.org/strip-json-comments/-/strip-json-comments-2.0.1.tgz 5812ms (cache miss)
1006 http fetch GET 200 https://registry.npmjs.org/ansi-regex/-/ansi-regex-5.0.1.tgz 5917ms (cache miss)
1007 http fetch GET 200 https://registry.npmjs.org/brace-expansion/-/brace-expansion-2.0.1.tgz 5919ms (cache miss)
1008 http fetch GET 200 https://registry.npmjs.org/@babel/helper-validator-identifier/-/helper-validator-identifier-7.25.9.tgz 5928ms (cache miss)
1009 http fetch GET 200 https://registry.npmjs.org/react-remove-scroll/-/react-remove-scroll-2.5.5.tgz 5927ms (cache miss)
1010 http fetch GET 200 https://registry.npmjs.org/@radix-ui/react-use-controllable-state/-/react-use-controllable-state-1.0.1.tgz 5926ms (cache miss)
1011 http fetch GET 200 https://registry.npmjs.org/glob-parent/-/glob-parent-5.1.2.tgz 5933ms (cache miss)
1012 http fetch GET 200 https://registry.npmjs.org/@radix-ui/react-primitive/-/react-primitive-1.0.3.tgz 5936ms (cache miss)
1013 http fetch GET 200 https://registry.npmjs.org/@radix-ui/react-slot/-/react-slot-1.0.2.tgz 5938ms (cache miss)
1014 http fetch GET 200 https://registry.npmjs.org/@radix-ui/react-focus-guards/-/react-focus-guards-1.0.1.tgz 5977ms (cache miss)
1015 http fetch GET 200 https://registry.npmjs.org/@radix-ui/react-context/-/react-context-1.0.1.tgz 6001ms (cache miss)
1016 http fetch GET 200 https://registry.npmjs.org/glob-parent/-/glob-parent-5.1.2.tgz 6005ms (cache miss)
1017 http fetch GET 200 https://registry.npmjs.org/@radix-ui/react-compose-refs/-/react-compose-refs-1.0.1.tgz 6071ms (cache miss)
1018 http fetch GET 200 https://registry.npmjs.org/eslint-visitor-keys/-/eslint-visitor-keys-3.4.3.tgz 6075ms (cache miss)
1019 http fetch GET 200 https://registry.npmjs.org/minimatch/-/minimatch-9.0.5.tgz 6090ms (cache miss)
1020 http fetch GET 200 https://registry.npmjs.org/@radix-ui/react-use-layout-effect/-/react-use-layout-effect-1.0.1.tgz 6112ms (cache miss)
1021 http fetch GET 200 https://registry.npmjs.org/@radix-ui/react-use-callback-ref/-/react-use-callback-ref-1.0.1.tgz 6137ms (cache miss)
1022 http fetch GET 200 https://registry.npmjs.org/@radix-ui/react-context/-/react-context-1.1.0.tgz 6151ms (cache miss)
1023 http fetch GET 200 https://registry.npmjs.org/postcss-selector-parser/-/postcss-selector-parser-6.0.10.tgz 6162ms (cache miss)
1024 http fetch GET 200 https://registry.npmjs.org/brace-expansion/-/brace-expansion-2.0.1.tgz 6168ms (cache miss)
1025 http fetch GET 200 https://registry.npmjs.org/@radix-ui/react-id/-/react-id-1.0.1.tgz 6172ms (cache miss)
1026 http fetch GET 200 https://registry.npmjs.org/eslint-visitor-keys/-/eslint-visitor-keys-3.4.3.tgz 6222ms (cache miss)
1027 http fetch GET 200 https://registry.npmjs.org/@radix-ui/react-context/-/react-context-1.1.0.tgz 6240ms (cache miss)
1028 http fetch GET 200 https://registry.npmjs.org/@radix-ui/react-context/-/react-context-1.1.0.tgz 6245ms (cache miss)
1029 http fetch GET 200 https://registry.npmjs.org/@radix-ui/react-portal/-/react-portal-1.0.4.tgz 6249ms (cache miss)
1030 http fetch GET 200 https://registry.npmjs.org/@radix-ui/react-presence/-/react-presence-1.0.1.tgz 6257ms (cache miss)
1031 http fetch GET 200 https://registry.npmjs.org/@radix-ui/react-focus-scope/-/react-focus-scope-1.0.4.tgz 6257ms (cache miss)
1032 http fetch GET 200 https://registry.npmjs.org/@radix-ui/react-dismissable-layer/-/react-dismissable-layer-1.0.5.tgz 6257ms (cache miss)
1033 http fetch GET 200 https://registry.npmjs.org/@radix-ui/react-dialog/-/react-dialog-1.0.5.tgz 6263ms (cache miss)
1034 http fetch GET 200 https://registry.npmjs.org/@radix-ui/react-use-escape-keydown/-/react-use-escape-keydown-1.0.3.tgz 6305ms (cache miss)
1035 http fetch GET 200 https://registry.npmjs.org/@radix-ui/react-context/-/react-context-1.1.0.tgz 6360ms (cache miss)
1036 http fetch GET 200 https://registry.npmjs.org/globals/-/globals-14.0.0.tgz 6365ms (cache miss)
1037 http fetch GET 200 https://registry.npmjs.org/@radix-ui/react-context/-/react-context-1.1.0.tgz 6380ms (cache miss)
1038 http fetch GET 200 https://registry.npmjs.org/brace-expansion 5555ms (cache miss)
1039 silly packumentCache corgi:https://registry.npmjs.org/brace-expansion set size:undefined disposed:false
1040 http fetch GET 200 https://registry.npmjs.org/flatted 5561ms (cache miss)
1041 silly packumentCache corgi:https://registry.npmjs.org/flatted set size:undefined disposed:false
1042 http fetch GET 200 https://registry.npmjs.org/minimatch 5566ms (cache miss)
1043 silly packumentCache corgi:https://registry.npmjs.org/minimatch set size:undefined disposed:false
1044 http fetch GET 200 https://registry.npmjs.org/@babel%2fruntime 5594ms (cache miss)
1045 silly packumentCache corgi:https://registry.npmjs.org/@babel%2fruntime set size:undefined disposed:false
1046 http fetch GET 200 https://registry.npmjs.org/@radix-ui/primitive/-/primitive-1.0.1.tgz 6425ms (cache miss)
1047 http fetch GET 200 https://registry.npmjs.org/@remix-run%2frouter 5600ms (cache miss)
1048 silly packumentCache corgi:https://registry.npmjs.org/@remix-run%2frouter set size:undefined disposed:false
1049 http fetch GET 200 https://registry.npmjs.org/ajv 5606ms (cache miss)
1050 silly packumentCache corgi:https://registry.npmjs.org/ajv set size:undefined disposed:false
1051 http fetch GET 200 https://registry.npmjs.org/esbuild 5616ms (cache miss)
1052 silly packumentCache corgi:https://registry.npmjs.org/esbuild set size:undefined disposed:false
1053 http fetch GET 200 https://registry.npmjs.org/js-yaml 5638ms (cache miss)
1054 silly packumentCache corgi:https://registry.npmjs.org/js-yaml set size:undefined disposed:false
1055 http fetch GET 200 https://registry.npmjs.org/lodash 5650ms (cache miss)
1056 silly packumentCache corgi:https://registry.npmjs.org/lodash set size:undefined disposed:false
1057 http fetch GET 200 https://registry.npmjs.org/nanoid 5654ms (cache miss)
1058 silly packumentCache corgi:https://registry.npmjs.org/nanoid set size:undefined disposed:false
1059 http fetch GET 200 https://registry.npmjs.org/glob 5660ms (cache miss)
1060 silly packumentCache corgi:https://registry.npmjs.org/glob set size:undefined disposed:false
1061 http fetch GET 200 https://registry.npmjs.org/picomatch 5668ms (cache miss)
1062 silly packumentCache corgi:https://registry.npmjs.org/picomatch set size:undefined disposed:false
1063 http fetch GET 200 https://registry.npmjs.org/tar-fs 5676ms (cache miss)
1064 silly packumentCache corgi:https://registry.npmjs.org/tar-fs set size:undefined disposed:false
1065 http fetch GET 200 https://registry.npmjs.org/yaml 5702ms (cache miss)
1066 silly packumentCache corgi:https://registry.npmjs.org/yaml set size:undefined disposed:false
1067 http fetch GET 200 https://registry.npmjs.org/postcss 5739ms (cache miss)
1068 silly packumentCache corgi:https://registry.npmjs.org/postcss set size:undefined disposed:false
1069 http fetch GET 200 https://registry.npmjs.org/rollup 5768ms (cache miss)
1070 silly packumentCache corgi:https://registry.npmjs.org/rollup set size:undefined disposed:false
1071 http fetch GET 200 https://registry.npmjs.org/react-router 5796ms (cache miss)
1072 silly packumentCache corgi:https://registry.npmjs.org/react-router set size:undefined disposed:false
1073 http fetch GET 200 https://registry.npmjs.org/vite 5885ms (cache miss)
1074 silly packumentCache corgi:https://registry.npmjs.org/vite set size:undefined disposed:false
1075 http fetch GET 200 https://registry.npmjs.org/@eslint%2fplugin-kit 6014ms (cache miss)
1076 silly packumentCache corgi:https://registry.npmjs.org/@eslint%2fplugin-kit set size:undefined disposed:false
1077 silly packumentCache corgi:https://registry.npmjs.org/@radix-ui%2fprimitive cache-miss
1078 silly packumentCache corgi:https://registry.npmjs.org/@radix-ui%2freact-compose-refs cache-miss
1079 silly packumentCache corgi:https://registry.npmjs.org/@radix-ui%2freact-context cache-miss
1080 silly packumentCache corgi:https://registry.npmjs.org/@radix-ui%2freact-dialog cache-miss
1081 silly packumentCache corgi:https://registry.npmjs.org/@radix-ui%2freact-dismissable-layer cache-miss
1082 silly packumentCache corgi:https://registry.npmjs.org/@radix-ui%2freact-focus-guards cache-miss
1083 silly packumentCache corgi:https://registry.npmjs.org/@radix-ui%2freact-focus-scope cache-miss
1084 silly packumentCache corgi:https://registry.npmjs.org/@radix-ui%2freact-id cache-miss
1085 silly packumentCache corgi:https://registry.npmjs.org/@radix-ui%2freact-portal cache-miss
1086 silly packumentCache corgi:https://registry.npmjs.org/@radix-ui%2freact-presence cache-miss
1087 silly packumentCache corgi:https://registry.npmjs.org/@radix-ui%2freact-primitive cache-miss
1088 silly packumentCache corgi:https://registry.npmjs.org/@radix-ui%2freact-slot cache-miss
1089 silly packumentCache corgi:https://registry.npmjs.org/@radix-ui%2freact-use-callback-ref cache-miss
1090 silly packumentCache corgi:https://registry.npmjs.org/@radix-ui%2freact-use-controllable-state cache-miss
1091 silly packumentCache corgi:https://registry.npmjs.org/@radix-ui%2freact-use-escape-keydown cache-miss
1092 silly packumentCache corgi:https://registry.npmjs.org/@radix-ui%2freact-use-layout-effect cache-miss
1093 silly packumentCache corgi:https://registry.npmjs.org/dom-helpers cache-miss
1094 silly packumentCache corgi:https://registry.npmjs.org/react-transition-group cache-miss
1095 http fetch GET 200 https://registry.npmjs.org/@radix-ui%2freact-context 103ms (cache miss)
1096 silly packumentCache corgi:https://registry.npmjs.org/@radix-ui%2freact-context set size:undefined disposed:false
1097 http fetch GET 200 https://registry.npmjs.org/@radix-ui%2freact-focus-guards 121ms (cache miss)
1098 silly packumentCache corgi:https://registry.npmjs.org/@radix-ui%2freact-focus-guards set size:undefined disposed:false
1099 http fetch GET 200 https://registry.npmjs.org/@radix-ui%2freact-slot 143ms (cache miss)
1100 silly packumentCache corgi:https://registry.npmjs.org/@radix-ui%2freact-slot set size:undefined disposed:false
1101 http fetch GET 200 https://registry.npmjs.org/@radix-ui%2freact-portal 146ms (cache miss)
1102 silly packumentCache corgi:https://registry.npmjs.org/@radix-ui%2freact-portal set size:undefined disposed:false
1103 http fetch GET 200 https://registry.npmjs.org/@radix-ui%2freact-focus-scope 195ms (cache miss)
1104 silly packumentCache corgi:https://registry.npmjs.org/@radix-ui%2freact-focus-scope set size:undefined disposed:false
1105 http fetch GET 200 https://registry.npmjs.org/@radix-ui%2freact-primitive 219ms (cache miss)
1106 silly packumentCache corgi:https://registry.npmjs.org/@radix-ui%2freact-primitive set size:undefined disposed:false
1107 http fetch GET 200 https://registry.npmjs.org/@radix-ui%2freact-dialog 230ms (cache miss)
1108 silly packumentCache corgi:https://registry.npmjs.org/@radix-ui%2freact-dialog set size:undefined disposed:false
1109 http fetch GET 200 https://registry.npmjs.org/@radix-ui%2freact-compose-refs 241ms (cache miss)
1110 silly packumentCache corgi:https://registry.npmjs.org/@radix-ui%2freact-compose-refs set size:undefined disposed:false
1111 http fetch GET 200 https://registry.npmjs.org/@radix-ui%2freact-id 299ms (cache miss)
1112 silly packumentCache corgi:https://registry.npmjs.org/@radix-ui%2freact-id set size:undefined disposed:false
1113 http fetch GET 200 https://registry.npmjs.org/@radix-ui%2fprimitive 339ms (cache miss)
1114 silly packumentCache corgi:https://registry.npmjs.org/@radix-ui%2fprimitive set size:undefined disposed:false
1115 http fetch GET 200 https://registry.npmjs.org/@radix-ui%2freact-dismissable-layer 342ms (cache miss)
1116 silly packumentCache corgi:https://registry.npmjs.org/@radix-ui%2freact-dismissable-layer set size:undefined disposed:false
1117 http fetch GET 200 https://registry.npmjs.org/@radix-ui%2freact-use-callback-ref 346ms (cache miss)
1118 silly packumentCache corgi:https://registry.npmjs.org/@radix-ui%2freact-use-callback-ref set size:undefined disposed:false
1119 http fetch GET 200 https://registry.npmjs.org/@radix-ui%2freact-use-layout-effect 349ms (cache miss)
1120 silly packumentCache corgi:https://registry.npmjs.org/@radix-ui%2freact-use-layout-effect set size:undefined disposed:false
1121 http fetch GET 200 https://registry.npmjs.org/@radix-ui%2freact-use-controllable-state 354ms (cache miss)
1122 silly packumentCache corgi:https://registry.npmjs.org/@radix-ui%2freact-use-controllable-state set size:undefined disposed:false
1123 http fetch GET 200 https://registry.npmjs.org/@radix-ui%2freact-use-escape-keydown 357ms (cache miss)
1124 silly packumentCache corgi:https://registry.npmjs.org/@radix-ui%2freact-use-escape-keydown set size:undefined disposed:false
1125 http fetch GET 200 https://registry.npmjs.org/react-transition-group 384ms (cache miss)
1126 silly packumentCache corgi:https://registry.npmjs.org/react-transition-group set size:undefined disposed:false
1127 http fetch GET 200 https://registry.npmjs.org/@radix-ui%2freact-presence 405ms (cache miss)
1128 silly packumentCache corgi:https://registry.npmjs.org/@radix-ui%2freact-presence set size:undefined disposed:false
1129 http fetch GET 200 https://registry.npmjs.org/dom-helpers 671ms (cache miss)
1130 silly packumentCache corgi:https://registry.npmjs.org/dom-helpers set size:undefined disposed:false
1131 silly packumentCache corgi:https://registry.npmjs.org/eslint cache-miss
1132 http fetch GET 200 https://registry.npmjs.org/@swc/core-darwin-arm64/-/core-darwin-arm64-1.7.39.tgz 7638ms (cache miss)
1133 http fetch GET 200 https://registry.npmjs.org/eslint 117ms (cache miss)
1134 silly packumentCache corgi:https://registry.npmjs.org/eslint set size:undefined disposed:false
1135 silly packumentCache corgi:https://registry.npmjs.org/react-router-dom cache-miss
1136 http fetch GET 200 https://registry.npmjs.org/@esbuild/darwin-arm64/-/darwin-arm64-0.25.0.tgz 7977ms (cache miss)
1137 http fetch GET 200 https://registry.npmjs.org/react-router-dom 419ms (cache miss)
1138 silly packumentCache corgi:https://registry.npmjs.org/react-router-dom set size:undefined disposed:false
1139 silly packumentCache corgi:https://registry.npmjs.org/@eslint%2fconfig-array cache-miss
1140 silly packumentCache corgi:https://registry.npmjs.org/@eslint%2feslintrc cache-miss
1141 http fetch GET 200 https://registry.npmjs.org/@eslint%2feslintrc 108ms (cache miss)
1142 silly packumentCache corgi:https://registry.npmjs.org/@eslint%2feslintrc set size:undefined disposed:false
1143 http fetch GET 200 https://registry.npmjs.org/@eslint%2fconfig-array 187ms (cache miss)
1144 silly packumentCache corgi:https://registry.npmjs.org/@eslint%2fconfig-array set size:undefined disposed:false
1145 silly packumentCache corgi:https://registry.npmjs.org/@typescript-eslint%2ftypescript-estree cache-miss
1146 http fetch GET 200 https://registry.npmjs.org/@typescript-eslint%2ftypescript-estree 6082ms (cache miss)
1147 silly packumentCache corgi:https://registry.npmjs.org/@typescript-eslint%2ftypescript-estree set size:undefined disposed:false
1148 silly packumentCache corgi:https://registry.npmjs.org/flat-cache cache-miss
1149 http fetch GET 200 https://registry.npmjs.org/flat-cache 72ms (cache miss)
1150 silly packumentCache corgi:https://registry.npmjs.org/flat-cache set size:undefined disposed:false
1151 silly packumentCache corgi:https://registry.npmjs.org/sucrase cache-miss
1152 http fetch GET 200 https://registry.npmjs.org/sucrase 80ms (cache miss)
1153 silly packumentCache corgi:https://registry.npmjs.org/sucrase set size:undefined disposed:false
1154 silly packumentCache corgi:https://registry.npmjs.org/recharts cache-miss
1155 http fetch GET 200 https://registry.npmjs.org/recharts 320ms (cache miss)
1156 silly packumentCache corgi:https://registry.npmjs.org/recharts set size:undefined disposed:false
1157 silly packumentCache corgi:https://registry.npmjs.org/anymatch cache-miss
1158 silly packumentCache corgi:https://registry.npmjs.org/micromatch cache-miss
1159 silly packumentCache corgi:https://registry.npmjs.org/readdirp cache-miss
1160 http fetch GET 200 https://registry.npmjs.org/anymatch 120ms (cache miss)
1161 silly packumentCache corgi:https://registry.npmjs.org/anymatch set size:undefined disposed:false
1162 http fetch GET 200 https://registry.npmjs.org/readdirp 127ms (cache miss)
1163 silly packumentCache corgi:https://registry.npmjs.org/readdirp set size:undefined disposed:false
1164 http fetch GET 200 https://registry.npmjs.org/micromatch 132ms (cache miss)
1165 silly packumentCache corgi:https://registry.npmjs.org/micromatch set size:undefined disposed:false
1166 silly packumentCache corgi:https://registry.npmjs.org/autoprefixer cache-miss
1167 silly packumentCache corgi:https://registry.npmjs.org/postcss-import cache-miss
1168 silly packumentCache corgi:https://registry.npmjs.org/postcss-js cache-miss
1169 silly packumentCache corgi:https://registry.npmjs.org/postcss-load-config cache-miss
1170 silly packumentCache corgi:https://registry.npmjs.org/postcss-nested cache-miss
1171 silly packumentCache corgi:https://registry.npmjs.org/tailwindcss cache-miss
1172 http fetch GET 200 https://registry.npmjs.org/postcss-import 102ms (cache miss)
1173 silly packumentCache corgi:https://registry.npmjs.org/postcss-import set size:undefined disposed:false
1174 http fetch GET 200 https://registry.npmjs.org/postcss-js 111ms (cache miss)
1175 silly packumentCache corgi:https://registry.npmjs.org/postcss-js set size:undefined disposed:false
1176 http fetch GET 200 https://registry.npmjs.org/postcss-load-config 118ms (cache miss)
1177 silly packumentCache corgi:https://registry.npmjs.org/postcss-load-config set size:undefined disposed:false
1178 http fetch GET 200 https://registry.npmjs.org/postcss-nested 119ms (cache miss)
1179 silly packumentCache corgi:https://registry.npmjs.org/postcss-nested set size:undefined disposed:false
1180 http fetch GET 200 https://registry.npmjs.org/tailwindcss 266ms (cache miss)
1181 silly packumentCache corgi:https://registry.npmjs.org/tailwindcss set size:undefined disposed:false
1182 http fetch GET 200 https://registry.npmjs.org/autoprefixer 363ms (cache miss)
1183 silly packumentCache corgi:https://registry.npmjs.org/autoprefixer set size:undefined disposed:false
1184 silly packumentCache corgi:https://registry.npmjs.org/prebuild-install cache-miss
1185 http fetch GET 200 https://registry.npmjs.org/prebuild-install 154ms (cache miss)
1186 silly packumentCache corgi:https://registry.npmjs.org/prebuild-install set size:undefined disposed:false
1187 silly packumentCache corgi:https://registry.npmjs.org/@vitejs%2fplugin-react-swc cache-miss
1188 silly packumentCache corgi:https://registry.npmjs.org/lovable-tagger cache-miss
1189 http fetch GET 200 https://registry.npmjs.org/lovable-tagger 344ms (cache miss)
1190 silly packumentCache corgi:https://registry.npmjs.org/lovable-tagger set size:undefined disposed:false
1191 http fetch GET 200 https://registry.npmjs.org/@esbuild/darwin-arm64/-/darwin-arm64-0.21.5.tgz 16923ms (cache miss)
1192 info run canvas@3.1.0 install node_modules/canvas prebuild-install -r napi || node-gyp rebuild
1193 http fetch GET 200 https://registry.npmjs.org/@vitejs%2fplugin-react-swc 633ms (cache miss)
1194 silly packumentCache corgi:https://registry.npmjs.org/@vitejs%2fplugin-react-swc set size:undefined disposed:false
1195 silly packumentCache corgi:https://registry.npmjs.org/@eslint-community%2feslint-utils cache-miss
1196 silly packumentCache corgi:https://registry.npmjs.org/@typescript-eslint%2feslint-plugin cache-miss
1197 silly packumentCache corgi:https://registry.npmjs.org/@typescript-eslint%2fparser cache-miss
1198 silly packumentCache corgi:https://registry.npmjs.org/@typescript-eslint%2futils cache-miss
1199 silly packumentCache corgi:https://registry.npmjs.org/eslint-plugin-react-hooks cache-miss
1200 silly packumentCache corgi:https://registry.npmjs.org/eslint-plugin-react-refresh cache-miss
1201 http fetch GET 200 https://registry.npmjs.org/eslint-plugin-react-refresh 6595ms (cache miss)
1202 silly packumentCache corgi:https://registry.npmjs.org/eslint-plugin-react-refresh set size:undefined disposed:false
1203 http fetch GET 200 https://registry.npmjs.org/@eslint-community%2feslint-utils 6603ms (cache miss)
1204 silly packumentCache corgi:https://registry.npmjs.org/@eslint-community%2feslint-utils set size:undefined disposed:false
1205 http fetch GET 200 https://registry.npmjs.org/@typescript-eslint%2feslint-plugin 8108ms (cache miss)
1206 silly packumentCache corgi:https://registry.npmjs.org/@typescript-eslint%2feslint-plugin set size:undefined disposed:false
1207 http fetch GET 200 https://registry.npmjs.org/eslint-plugin-react-hooks 8244ms (cache miss)
1208 silly packumentCache corgi:https://registry.npmjs.org/eslint-plugin-react-hooks set size:undefined disposed:false
1209 http fetch GET 200 https://registry.npmjs.org/@typescript-eslint%2futils 8312ms (cache miss)
1210 silly packumentCache corgi:https://registry.npmjs.org/@typescript-eslint%2futils set size:undefined disposed:false
1211 http fetch GET 200 https://registry.npmjs.org/@typescript-eslint%2fparser 8376ms (cache miss)
1212 silly packumentCache corgi:https://registry.npmjs.org/@typescript-eslint%2fparser set size:undefined disposed:false
1213 info run canvas@3.1.0 install { code: 0, signal: null }
1214 info run @swc/core@1.7.39 postinstall node_modules/@swc/core node postinstall.js
1215 info run esbuild@0.21.5 postinstall node_modules/esbuild node install.js
1216 info run esbuild@0.25.0 postinstall node_modules/lovable-tagger/node_modules/esbuild node install.js
1217 info run esbuild@0.25.0 postinstall { code: 0, signal: null }
1218 info run esbuild@0.21.5 postinstall { code: 0, signal: null }
1219 info run @swc/core@1.7.39 postinstall { code: 0, signal: null }
1220 silly ADD node_modules/zod
1221 silly ADD node_modules/yocto-queue
1222 silly ADD node_modules/yaml
1223 silly ADD node_modules/wrappy
1224 silly ADD node_modules/wrap-ansi-cjs
1225 silly ADD node_modules/wrap-ansi-cjs/node_modules/strip-ansi
1226 silly ADD node_modules/wrap-ansi-cjs/node_modules/string-width
1227 silly ADD node_modules/wrap-ansi-cjs/node_modules/emoji-regex
1228 silly ADD node_modules/wrap-ansi-cjs/node_modules/ansi-regex
1229 silly ADD node_modules/wrap-ansi
1230 silly ADD node_modules/wrap-ansi/node_modules/ansi-styles
1231 silly ADD node_modules/word-wrap
1232 silly ADD node_modules/which
1233 silly ADD node_modules/vite
1234 silly ADD node_modules/victory-vendor
1235 silly ADD node_modules/vaul
1236 silly ADD node_modules/util-deprecate
1237 silly ADD node_modules/use-sidecar
1238 silly ADD node_modules/use-callback-ref
1239 silly ADD node_modules/uri-js
1240 silly ADD node_modules/update-browserslist-db
1241 silly ADD node_modules/undici-types
1242 silly ADD node_modules/typescript-eslint
1243 silly ADD node_modules/typescript
1244 silly ADD node_modules/type-check
1245 silly ADD node_modules/tunnel-agent
1246 silly ADD node_modules/tslib
1247 silly ADD node_modules/ts-interface-checker
1248 silly ADD node_modules/ts-api-utils
1249 silly ADD node_modules/to-regex-range
1250 silly ADD node_modules/tiny-invariant
1251 silly ADD node_modules/thenify-all
1252 silly ADD node_modules/thenify
1253 silly ADD node_modules/text-table
1254 silly ADD node_modules/tar-stream
1255 silly ADD node_modules/tar-fs
1256 silly ADD node_modules/tailwindcss-animate
1257 silly ADD node_modules/tailwindcss
1258 silly ADD node_modules/tailwind-merge
1259 silly ADD node_modules/supports-preserve-symlinks-flag
1260 silly ADD node_modules/supports-color
1261 silly ADD node_modules/sucrase
1262 silly ADD node_modules/strip-json-comments
1263 silly ADD node_modules/strip-ansi-cjs
1264 silly ADD node_modules/strip-ansi-cjs/node_modules/ansi-regex
1265 silly ADD node_modules/strip-ansi
1266 silly ADD node_modules/string-width-cjs
1267 silly ADD node_modules/string-width-cjs/node_modules/strip-ansi
1268 silly ADD node_modules/string-width-cjs/node_modules/emoji-regex
1269 silly ADD node_modules/string-width-cjs/node_modules/ansi-regex
1270 silly ADD node_modules/string-width
1271 silly ADD node_modules/string_decoder
1272 silly ADD node_modules/source-map-js
1273 silly ADD node_modules/sonner
1274 silly ADD node_modules/simple-get
1275 silly ADD node_modules/simple-concat
1276 silly ADD node_modules/signal-exit
1277 silly ADD node_modules/shebang-regex
1278 silly ADD node_modules/shebang-command
1279 silly ADD node_modules/semver
1280 silly ADD node_modules/scheduler
1281 silly ADD node_modules/safe-buffer
1282 silly ADD node_modules/run-parallel
1283 silly ADD node_modules/rollup
1284 silly ADD node_modules/reusify
1285 silly ADD node_modules/resolve-from
1286 silly ADD node_modules/resolve
1287 silly ADD node_modules/regenerator-runtime
1288 silly ADD node_modules/recharts-scale
1289 silly ADD node_modules/recharts
1290 silly ADD node_modules/readdirp
1291 silly ADD node_modules/readable-stream
1292 silly ADD node_modules/read-cache
1293 silly ADD node_modules/react-transition-group
1294 silly ADD node_modules/react-style-singleton
1295 silly ADD node_modules/react-smooth
1296 silly ADD node_modules/react-router-dom
1297 silly ADD node_modules/react-router
1298 silly ADD node_modules/react-resizable-panels
1299 silly ADD node_modules/react-remove-scroll-bar
1300 silly ADD node_modules/react-remove-scroll
1301 silly ADD node_modules/react-is
1302 silly ADD node_modules/react-hook-form
1303 silly ADD node_modules/react-dom
1304 silly ADD node_modules/react-day-picker
1305 silly ADD node_modules/react
1306 silly ADD node_modules/rc
1307 silly ADD node_modules/rc/node_modules/strip-json-comments
1308 silly ADD node_modules/queue-microtask
1309 silly ADD node_modules/punycode
1310 silly ADD node_modules/pump
1311 silly ADD node_modules/prop-types
1312 silly ADD node_modules/prop-types/node_modules/react-is
1313 silly ADD node_modules/prelude-ls
1314 silly ADD node_modules/prebuild-install
1315 silly ADD node_modules/postcss-value-parser
1316 silly ADD node_modules/postcss-selector-parser
1317 silly ADD node_modules/postcss-nested
1318 silly ADD node_modules/postcss-load-config
1319 silly ADD node_modules/postcss-js
1320 silly ADD node_modules/postcss-import
1321 silly ADD node_modules/postcss
1322 silly ADD node_modules/pirates
1323 silly ADD node_modules/pify
1324 silly ADD node_modules/picomatch
1325 silly ADD node_modules/picocolors
1326 silly ADD node_modules/path-scurry
1327 silly ADD node_modules/path-parse
1328 silly ADD node_modules/path-key
1329 silly ADD node_modules/path-exists
1330 silly ADD node_modules/parent-module
1331 silly ADD node_modules/package-json-from-dist
1332 silly ADD node_modules/p-locate
1333 silly ADD node_modules/p-limit
1334 silly ADD node_modules/optionator
1335 silly ADD node_modules/once
1336 silly ADD node_modules/object-hash
1337 silly ADD node_modules/object-assign
1338 silly ADD node_modules/normalize-range
1339 silly ADD node_modules/normalize-path
1340 silly ADD node_modules/node-releases
1341 silly ADD node_modules/node-addon-api
1342 silly ADD node_modules/node-abi
1343 silly ADD node_modules/next-themes
1344 silly ADD node_modules/natural-compare
1345 silly ADD node_modules/napi-build-utils
1346 silly ADD node_modules/nanoid
1347 silly ADD node_modules/mz
1348 silly ADD node_modules/ms
1349 silly ADD node_modules/mkdirp-classic
1350 silly ADD node_modules/minipass
1351 silly ADD node_modules/minimist
1352 silly ADD node_modules/minimatch
1353 silly ADD node_modules/mimic-response
1354 silly ADD node_modules/micromatch
1355 silly ADD node_modules/merge2
1356 silly ADD node_modules/magic-string
1357 silly ADD node_modules/lucide-react
1358 silly ADD node_modules/lru-cache
1359 silly ADD node_modules/lovable-tagger
1360 silly ADD node_modules/lovable-tagger/node_modules/esbuild
1361 silly ADD
1362 silly ADD
1363 silly ADD
1364 silly ADD
1365 silly ADD
1366 silly ADD
1367 silly ADD
1368 silly ADD
1369 silly ADD
1370 silly ADD
1371 silly ADD
1372 silly ADD
1373 silly ADD
1374 silly ADD
1375 silly ADD
1376 silly ADD
1377 silly ADD
1378 silly ADD
1379 silly ADD node_modules/lovable-tagger/node_modules/@esbuild/darwin-arm64
1380 silly ADD
1381 silly ADD
1382 silly ADD
1383 silly ADD
1384 silly ADD node_modules/loose-envify
1385 silly ADD node_modules/lodash.merge
1386 silly ADD node_modules/lodash.isplainobject
1387 silly ADD node_modules/lodash.castarray
1388 silly ADD node_modules/lodash
1389 silly ADD node_modules/locate-path
1390 silly ADD node_modules/lines-and-columns
1391 silly ADD node_modules/lilconfig
1392 silly ADD node_modules/levn
1393 silly ADD node_modules/keyv
1394 silly ADD node_modules/json-stable-stringify-without-jsonify
1395 silly ADD node_modules/json-schema-traverse
1396 silly ADD node_modules/json-buffer
1397 silly ADD node_modules/js-yaml
1398 silly ADD node_modules/js-tokens
1399 silly ADD node_modules/jiti
1400 silly ADD node_modules/jackspeak
1401 silly ADD node_modules/isexe
1402 silly ADD node_modules/is-number
1403 silly ADD node_modules/is-glob
1404 silly ADD node_modules/is-fullwidth-code-point
1405 silly ADD node_modules/is-extglob
1406 silly ADD node_modules/is-core-module
1407 silly ADD node_modules/is-binary-path
1408 silly ADD node_modules/invariant
1409 silly ADD node_modules/internmap
1410 silly ADD node_modules/input-otp
1411 silly ADD node_modules/ini
1412 silly ADD node_modules/inherits
1413 silly ADD node_modules/imurmurhash
1414 silly ADD node_modules/import-fresh
1415 silly ADD node_modules/ignore
1416 silly ADD node_modules/ieee754
1417 silly ADD node_modules/hasown
1418 silly ADD node_modules/has-flag
1419 silly ADD node_modules/graphemer
1420 silly ADD node_modules/globals
1421 silly ADD node_modules/glob-parent
1422 silly ADD node_modules/glob
1423 silly ADD node_modules/glob/node_modules/minimatch
1424 silly ADD node_modules/glob/node_modules/brace-expansion
1425 silly ADD node_modules/github-from-package
1426 silly ADD node_modules/get-nonce
1427 silly ADD node_modules/function-bind
1428 silly ADD node_modules/fsevents
1429 silly ADD node_modules/fs-constants
1430 silly ADD node_modules/fraction.js
1431 silly ADD node_modules/foreground-child
1432 silly ADD node_modules/flatted
1433 silly ADD node_modules/flat-cache
1434 silly ADD node_modules/find-up
1435 silly ADD node_modules/fill-range
1436 silly ADD node_modules/file-entry-cache
1437 silly ADD node_modules/fastq
1438 silly ADD node_modules/fast-levenshtein
1439 silly ADD node_modules/fast-json-stable-stringify
1440 silly ADD node_modules/fast-glob
1441 silly ADD node_modules/fast-glob/node_modules/glob-parent
1442 silly ADD node_modules/fast-equals
1443 silly ADD node_modules/fast-deep-equal
1444 silly ADD node_modules/expand-template
1445 silly ADD node_modules/eventemitter3
1446 silly ADD node_modules/esutils
1447 silly ADD node_modules/estree-walker
1448 silly ADD node_modules/estraverse
1449 silly ADD node_modules/esrecurse
1450 silly ADD node_modules/esquery
1451 silly ADD node_modules/espree
1452 silly ADD node_modules/eslint-visitor-keys
1453 silly ADD node_modules/eslint-scope
1454 silly ADD node_modules/eslint-plugin-react-refresh
1455 silly ADD node_modules/eslint-plugin-react-hooks
1456 silly ADD node_modules/eslint
1457 silly ADD node_modules/escape-string-regexp
1458 silly ADD node_modules/escalade
1459 silly ADD node_modules/esbuild
1460 silly ADD node_modules/end-of-stream
1461 silly ADD node_modules/emoji-regex
1462 silly ADD node_modules/embla-carousel-reactive-utils
1463 silly ADD node_modules/embla-carousel-react
1464 silly ADD node_modules/embla-carousel
1465 silly ADD node_modules/electron-to-chromium
1466 silly ADD node_modules/eastasianwidth
1467 silly ADD node_modules/dom-helpers
1468 silly ADD node_modules/dlv
1469 silly ADD node_modules/didyoumean
1470 silly ADD node_modules/detect-node-es
1471 silly ADD node_modules/detect-libc
1472 silly ADD node_modules/deep-is
1473 silly ADD node_modules/deep-extend
1474 silly ADD node_modules/decompress-response
1475 silly ADD node_modules/decimal.js-light
1476 silly ADD node_modules/debug
1477 silly ADD node_modules/date-fns
1478 silly ADD node_modules/d3-timer
1479 silly ADD node_modules/d3-time-format
1480 silly ADD node_modules/d3-time
1481 silly ADD node_modules/d3-shape
1482 silly ADD node_modules/d3-scale
1483 silly ADD node_modules/d3-path
1484 silly ADD node_modules/d3-interpolate
1485 silly ADD node_modules/d3-format
1486 silly ADD node_modules/d3-ease
1487 silly ADD node_modules/d3-color
1488 silly ADD node_modules/d3-array
1489 silly ADD node_modules/csstype
1490 silly ADD node_modules/cssesc
1491 silly ADD node_modules/cross-spawn
1492 silly ADD node_modules/concat-map
1493 silly ADD node_modules/commander
1494 silly ADD node_modules/color-name
1495 silly ADD node_modules/color-convert
1496 silly ADD node_modules/cmdk
1497 silly ADD node_modules/cmdk/node_modules/react-remove-scroll
1498 silly ADD node_modules/cmdk/node_modules/@radix-ui/react-use-layout-effect
1499 silly ADD node_modules/cmdk/node_modules/@radix-ui/react-use-escape-keydown
1500 silly ADD node_modules/cmdk/node_modules/@radix-ui/react-use-controllable-state
1501 silly ADD node_modules/cmdk/node_modules/@radix-ui/react-use-callback-ref
1502 silly ADD node_modules/cmdk/node_modules/@radix-ui/react-slot
1503 silly ADD node_modules/cmdk/node_modules/@radix-ui/react-primitive
1504 silly ADD node_modules/cmdk/node_modules/@radix-ui/react-presence
1505 silly ADD node_modules/cmdk/node_modules/@radix-ui/react-portal
1506 silly ADD node_modules/cmdk/node_modules/@radix-ui/react-id
1507 silly ADD node_modules/cmdk/node_modules/@radix-ui/react-focus-scope
1508 silly ADD node_modules/cmdk/node_modules/@radix-ui/react-focus-guards
1509 silly ADD node_modules/cmdk/node_modules/@radix-ui/react-dismissable-layer
1510 silly ADD node_modules/cmdk/node_modules/@radix-ui/react-dialog
1511 silly ADD node_modules/cmdk/node_modules/@radix-ui/react-context
1512 silly ADD node_modules/cmdk/node_modules/@radix-ui/react-compose-refs
1513 silly ADD node_modules/cmdk/node_modules/@radix-ui/primitive
1514 silly ADD node_modules/clsx
1515 silly ADD node_modules/class-variance-authority
1516 silly ADD node_modules/chownr
1517 silly ADD node_modules/chokidar
1518 silly ADD node_modules/chokidar/node_modules/glob-parent
1519 silly ADD node_modules/chalk
1520 silly ADD node_modules/canvas
1521 silly ADD node_modules/caniuse-lite
1522 silly ADD node_modules/camelcase-css
1523 silly ADD node_modules/callsites
1524 silly ADD node_modules/buffer
1525 silly ADD node_modules/browserslist
1526 silly ADD node_modules/braces
1527 silly ADD node_modules/brace-expansion
1528 silly ADD node_modules/bl
1529 silly ADD node_modules/binary-extensions
1530 silly ADD node_modules/base64-js
1531 silly ADD node_modules/balanced-match
1532 silly ADD node_modules/autoprefixer
1533 silly ADD node_modules/aria-hidden
1534 silly ADD node_modules/argparse
1535 silly ADD node_modules/arg
1536 silly ADD node_modules/anymatch
1537 silly ADD node_modules/any-promise
1538 silly ADD node_modules/ansi-styles
1539 silly ADD node_modules/ansi-regex
1540 silly ADD node_modules/ajv
1541 silly ADD node_modules/acorn-jsx
1542 silly ADD node_modules/acorn
1543 silly ADD node_modules/@vitejs/plugin-react-swc
1544 silly ADD node_modules/@typescript-eslint/visitor-keys
1545 silly ADD node_modules/@typescript-eslint/visitor-keys/node_modules/eslint-visitor-keys
1546 silly ADD node_modules/@typescript-eslint/utils
1547 silly ADD node_modules/@typescript-eslint/typescript-estree
1548 silly ADD node_modules/@typescript-eslint/typescript-estree/node_modules/minimatch
1549 silly ADD node_modules/@typescript-eslint/typescript-estree/node_modules/brace-expansion
1550 silly ADD node_modules/@typescript-eslint/types
1551 silly ADD node_modules/@typescript-eslint/type-utils
1552 silly ADD node_modules/@typescript-eslint/scope-manager
1553 silly ADD node_modules/@typescript-eslint/parser
1554 silly ADD node_modules/@typescript-eslint/eslint-plugin
1555 silly ADD node_modules/@types/react-dom
1556 silly ADD node_modules/@types/react
1557 silly ADD node_modules/@types/prop-types
1558 silly ADD node_modules/@types/node
1559 silly ADD node_modules/@types/json-schema
1560 silly ADD node_modules/@types/estree
1561 silly ADD node_modules/@types/d3-timer
1562 silly ADD node_modules/@types/d3-time
1563 silly ADD node_modules/@types/d3-shape
1564 silly ADD node_modules/@types/d3-scale
1565 silly ADD node_modules/@types/d3-path
1566 silly ADD node_modules/@types/d3-interpolate
1567 silly ADD node_modules/@types/d3-ease
1568 silly ADD node_modules/@types/d3-color
1569 silly ADD node_modules/@types/d3-array
1570 silly ADD node_modules/@tanstack/react-query
1571 silly ADD node_modules/@tanstack/query-core
1572 silly ADD node_modules/@tailwindcss/typography
1573 silly ADD node_modules/@tailwindcss/typography/node_modules/postcss-selector-parser
1574 silly ADD node_modules/@swc/types
1575 silly ADD node_modules/@swc/counter
1576 silly ADD
1577 silly ADD
1578 silly ADD
1579 silly ADD
1580 silly ADD
1581 silly ADD
1582 silly ADD
1583 silly ADD
1584 silly ADD
1585 silly ADD node_modules/@swc/core-darwin-arm64
1586 silly ADD node_modules/@swc/core
1587 silly ADD
1588 silly ADD
1589 silly ADD
1590 silly ADD
1591 silly ADD
1592 silly ADD
1593 silly ADD
1594 silly ADD
1595 silly ADD
1596 silly ADD
1597 silly ADD
1598 silly ADD
1599 silly ADD
1600 silly ADD node_modules/@rollup/rollup-darwin-arm64
1601 silly ADD
1602 silly ADD
1603 silly ADD node_modules/@remix-run/router
1604 silly ADD node_modules/@radix-ui/rect
1605 silly ADD node_modules/@radix-ui/react-visually-hidden
1606 silly ADD node_modules/@radix-ui/react-use-size
1607 silly ADD node_modules/@radix-ui/react-use-rect
1608 silly ADD node_modules/@radix-ui/react-use-previous
1609 silly ADD node_modules/@radix-ui/react-use-layout-effect
1610 silly ADD node_modules/@radix-ui/react-use-escape-keydown
1611 silly ADD node_modules/@radix-ui/react-use-controllable-state
1612 silly ADD node_modules/@radix-ui/react-use-callback-ref
1613 silly ADD node_modules/@radix-ui/react-tooltip
1614 silly ADD node_modules/@radix-ui/react-toggle-group
1615 silly ADD node_modules/@radix-ui/react-toggle-group/node_modules/@radix-ui/react-context
1616 silly ADD node_modules/@radix-ui/react-toggle
1617 silly ADD node_modules/@radix-ui/react-toast
1618 silly ADD node_modules/@radix-ui/react-tabs
1619 silly ADD node_modules/@radix-ui/react-switch
1620 silly ADD node_modules/@radix-ui/react-slot
1621 silly ADD node_modules/@radix-ui/react-slider
1622 silly ADD node_modules/@radix-ui/react-separator
1623 silly ADD node_modules/@radix-ui/react-select
1624 silly ADD node_modules/@radix-ui/react-scroll-area
1625 silly ADD node_modules/@radix-ui/react-roving-focus
1626 silly ADD node_modules/@radix-ui/react-roving-focus/node_modules/@radix-ui/react-context
1627 silly ADD node_modules/@radix-ui/react-radio-group
1628 silly ADD node_modules/@radix-ui/react-progress
1629 silly ADD node_modules/@radix-ui/react-progress/node_modules/@radix-ui/react-context
1630 silly ADD node_modules/@radix-ui/react-primitive
1631 silly ADD node_modules/@radix-ui/react-presence
1632 silly ADD node_modules/@radix-ui/react-portal
1633 silly ADD node_modules/@radix-ui/react-popper
1634 silly ADD node_modules/@radix-ui/react-popper/node_modules/@radix-ui/react-context
1635 silly ADD node_modules/@radix-ui/react-popover
1636 silly ADD node_modules/@radix-ui/react-navigation-menu
1637 silly ADD node_modules/@radix-ui/react-menubar
1638 silly ADD node_modules/@radix-ui/react-menu
1639 silly ADD node_modules/@radix-ui/react-label
1640 silly ADD node_modules/@radix-ui/react-id
1641 silly ADD node_modules/@radix-ui/react-hover-card
1642 silly ADD node_modules/@radix-ui/react-focus-scope
1643 silly ADD node_modules/@radix-ui/react-focus-guards
1644 silly ADD node_modules/@radix-ui/react-dropdown-menu
1645 silly ADD node_modules/@radix-ui/react-dismissable-layer
1646 silly ADD node_modules/@radix-ui/react-direction
1647 silly ADD node_modules/@radix-ui/react-dialog
1648 silly ADD node_modules/@radix-ui/react-context-menu
1649 silly ADD node_modules/@radix-ui/react-context
1650 silly ADD node_modules/@radix-ui/react-compose-refs
1651 silly ADD node_modules/@radix-ui/react-collection
1652 silly ADD node_modules/@radix-ui/react-collection/node_modules/@radix-ui/react-context
1653 silly ADD node_modules/@radix-ui/react-collapsible
1654 silly ADD node_modules/@radix-ui/react-checkbox
1655 silly ADD node_modules/@radix-ui/react-avatar
1656 silly ADD node_modules/@radix-ui/react-aspect-ratio
1657 silly ADD node_modules/@radix-ui/react-arrow
1658 silly ADD node_modules/@radix-ui/react-alert-dialog
1659 silly ADD node_modules/@radix-ui/react-accordion
1660 silly ADD node_modules/@radix-ui/primitive
1661 silly ADD node_modules/@radix-ui/number
1662 silly ADD node_modules/@pkgjs/parseargs
1663 silly ADD node_modules/@nodelib/fs.walk
1664 silly ADD node_modules/@nodelib/fs.stat
1665 silly ADD node_modules/@nodelib/fs.scandir
1666 silly ADD node_modules/@jridgewell/trace-mapping
1667 silly ADD node_modules/@jridgewell/sourcemap-codec
1668 silly ADD node_modules/@jridgewell/set-array
1669 silly ADD node_modules/@jridgewell/resolve-uri
1670 silly ADD node_modules/@jridgewell/gen-mapping
1671 silly ADD node_modules/@isaacs/cliui
1672 silly ADD node_modules/@humanwhocodes/retry
1673 silly ADD node_modules/@humanwhocodes/module-importer
1674 silly ADD node_modules/@humanfs/node
1675 silly ADD node_modules/@humanfs/core
1676 silly ADD node_modules/@hookform/resolvers
1677 silly ADD node_modules/@floating-ui/utils
1678 silly ADD node_modules/@floating-ui/react-dom
1679 silly ADD node_modules/@floating-ui/dom
1680 silly ADD node_modules/@floating-ui/core
1681 silly ADD node_modules/@eslint/plugin-kit
1682 silly ADD node_modules/@eslint/object-schema
1683 silly ADD node_modules/@eslint/js
1684 silly ADD node_modules/@eslint/eslintrc
1685 silly ADD node_modules/@eslint/eslintrc/node_modules/globals
1686 silly ADD node_modules/@eslint/core
1687 silly ADD node_modules/@eslint/config-array
1688 silly ADD node_modules/@eslint-community/regexpp
1689 silly ADD node_modules/@eslint-community/eslint-utils
1690 silly ADD node_modules/@eslint-community/eslint-utils/node_modules/eslint-visitor-keys
1691 silly ADD
1692 silly ADD
1693 silly ADD
1694 silly ADD
1695 silly ADD
1696 silly ADD
1697 silly ADD
1698 silly ADD
1699 silly ADD
1700 silly ADD
1701 silly ADD
1702 silly ADD
1703 silly ADD
1704 silly ADD
1705 silly ADD
1706 silly ADD
1707 silly ADD
1708 silly ADD
1709 silly ADD
1710 silly ADD
1711 silly ADD node_modules/@esbuild/darwin-arm64
1712 silly ADD
1713 silly ADD
1714 silly ADD
1715 silly ADD
1716 silly ADD node_modules/@babel/types
1717 silly ADD node_modules/@babel/runtime
1718 silly ADD node_modules/@babel/parser
1719 silly ADD node_modules/@babel/helper-validator-identifier
1720 silly ADD node_modules/@babel/helper-string-parser
1721 silly ADD node_modules/@alloc/quick-lru
1722 verbose cwd /Users/prathmesh/Downloads/projects/shivaanganrealcon
1723 verbose os Darwin 25.5.0
1724 verbose node v20.18.0
1725 verbose npm  v10.8.2
1726 notice
1726 notice New major version of npm available! 10.8.2 -> 12.0.2
1726 notice Changelog: https://github.com/npm/cli/releases/tag/v12.0.2
1726 notice To update run: npm install -g npm@12.0.2
1726 notice  { force: true, [Symbol(proc-log.meta)]: true }
1727 verbose exit 0
1728 info ok
